r,target,x
0.1,8.14988634354147,1.0
0.1019019019019019,7.292374413360312,1.0
0.10380380380380382,8.571653368484066,1.0
0.10570570570570571,7.2503223282961775,1.0
0.10760760760760761,7.237271098080056,1.0
0.10950950950950951,7.714783033324988,1.0
0.11141141141141142,7.805259732819609,1.0
0.11331331331331332,7.099369586819467,1.0
0.11521521521521522,6.654765710366592,1.0
0.11711711711711711,6.064136070241453,1.0
0.11901901901901903,6.722903767588027,1.0
0.12092092092092092,5.435820781784326,1.0
0.12282282282282284,6.832396122547006,1.0
0.12472472472472473,6.077824821512904,1.0
0.12662662662662663,6.066159306293839,1.0
0.12852852852852853,5.538209208045697,1.0
0.13043043043043043,6.921875411347117,1.0
0.13233233233233233,5.871461253830515,1.0
0.13423423423423425,5.759249573820056,1.0
0.13613613613613615,6.0374469939722415,1.0
0.13803803803803805,5.5268051802726825,1.0
0.13993993993993994,5.262371561931715,1.0
0.14184184184184184,4.118773752367538,1.0
0.14374374374374374,5.877253213563967,1.0
0.14564564564564564,4.434639681866349,1.0
0.14754754754754756,5.173529346280023,1.0
0.14944944944944946,4.990642615672169,1.0
0.15135135135135136,4.775189435223535,1.0
0.15325325325325326,4.618013158720645,1.0
0.15515515515515516,5.128196123534149,1.0
0.15705705705705705,4.289848241558612,1.0
0.15895895895895895,4.430950018456735,1.0
0.16086086086086088,4.214123799964415,1.0
0.16276276276276275,4.047085250919589,1.0
0.16466466466466467,4.370503273178528,1.0
0.16656656656656657,5.43870871867771,1.0
0.16846846846846847,4.156747966495377,1.0
0.17037037037037037,4.215043036059673,1.0
0.17227227227227226,4.2647758102905335,1.0
0.1741741741741742,3.787334994566547,1.0
0.17607607607607606,3.808008499277639,1.0
0.17797797797797799,3.745819055384316,1.0
0.17987987987987988,4.279006723203718,1.0
0.18178178178178178,3.6532432477743555,1.0
0.18368368368368368,4.075998307097267,1.0
0.18558558558558558,3.3551806951073306,1.0
0.1874874874874875,3.732840968420521,1.0
0.18938938938938937,3.25039257037724,1.0
0.1912912912912913,3.043030194906715,1.0
0.1931931931931932,3.6210788696528557,1.0
0.1950950950950951,4.158525027872731,1.0
0.196996996996997,3.6568820831650823,1.0
0.1988988988988989,3.8380400153979624,1.0
0.20080080080080082,3.376243477569229,1.0
0.2027027027027027,2.884058077887448,1.0
0.2046046046046046,3.505798195092382,1.0
0.2065065065065065,3.35762989033005,1.0
0.2084084084084084,4.069542135885285,1.0
0.2103103103103103,3.218640298146538,1.0
0.2122122122122122,3.182316540119276,1.0
0.21411411411411413,2.4769769351100437,1.0
0.216016016016016,2.2333800796070875,1.0
0.21791791791791792,3.262656497255993,1.0
0.21981981981981982,3.405550953083055,1.0
0.22172172172172172,2.910988503579679,1.0
0.22362362362362362,3.0771435758561005,1.0
0.22552552552552552,2.9108666536771803,1.0
0.22742742742742741,2.75761230602772,1.0
0.22932932932932934,3.2773642668358267,1.0
0.23123123123123124,3.417384064550933,1.0
0.23313313313313314,2.5557770580417,1.0
0.23503503503503503,2.7238669138823814,1.0
0.23693693693693693,2.661812917941124,1.0
0.23883883883883883,3.2158647197298604,1.0
0.24074074074074073,2.4874390042292083,1.0
0.24264264264264265,2.6483095901962206,1.0
0.24454454454454455,2.3148820324230597,1.0
0.24644644644644645,3.223749905363117,1.0
0.24834834834834835,3.1917923651701576,1.0
0.2502502502502503,2.640480680242909,1.0
0.25215215215215214,3.0944392750881873,1.0
0.254054054054054,3.056215538743282,1.0
0.255955955955956,2.5467455455343915,1.0
0.25785785785785786,2.1492271511622376,1.0
0.25975975975975973,2.5590907082824264,1.0
0.26166166166166166,2.6969880396266364,1.0
0.2635635635635636,2.1836286146723562,1.0
0.26546546546546546,2.2414681674846704,1.0
0.2673673673673673,2.626535929742303,1.0
0.2692692692692693,2.2931050681335536,1.0
0.2711711711711712,2.3095030952853897,1.0
0.27307307307307305,2.206430643944456,1.0
0.274974974974975,2.313285582788867,1.0
0.2768768768768769,2.2211901713481566,1.0
0.27877877877877877,1.9209965400523323,1.0
0.28068068068068064,2.0505616368558837,1.0
0.2825825825825826,2.1259864888633437,1.0
0.2844844844844845,2.4263179755630935,1.0
0.28638638638638636,1.9297480979909822,1.0
0.2882882882882883,2.010537404404715,1.0
0.2901901901901902,1.9892568313259333,1.0
0.2920920920920921,1.985253051186886,1.0
0.29399399399399395,2.1879374505612845,1.0
0.2958958958958959,2.4752751700245956,1.0
0.2977977977977978,1.9598500379525783,1.0
0.2996996996996997,1.976498716667861,1.0
0.3016016016016016,1.9419728385960415,1.0
0.3035035035035035,1.7369713334267667,1.0
0.3054054054054054,1.5779528589132061,1.0
0.30730730730730726,2.116168040316153,1.0
0.3092092092092092,1.7935551557320724,1.0
0.3111111111111111,2.13099786907671,1.0
0.313013013013013,1.7400077754433636,1.0
0.3149149149149149,1.8318459257861786,1.0
0.31681681681681684,2.035995913757264,1.0
0.3187187187187187,1.9294481163235813,1.0
0.3206206206206206,1.8496560853445791,1.0
0.3225225225225225,1.7048449832841386,1.0
0.32442442442442443,1.724331286881902,1.0
0.3263263263263263,1.714503385118256,1.0
0.3282282282282282,1.6836929819373192,1.0
0.33013013013013015,1.9240691852469172,1.0
0.332032032032032,1.8262508131416002,1.0
0.3339339339339339,1.4603866221393913,1.0
0.3358358358358358,1.6251243508103412,1.0
0.33773773773773774,1.5043001948732657,1.0
0.3396396396396396,1.522749944186789,1.0
0.34154154154154154,1.592214500161646,1.0
0.34344344344344346,1.6095775673411181,1.0
0.34534534534534533,1.4577883273786103,1.0
0.3472472472472472,1.6698774075300837,1.0
0.34914914914914913,1.5026994548323427,1.0
0.35105105105105106,1.3557624052795825,1.0
0.3529529529529529,1.7232677885097405,1.0
0.3548548548548548,1.5302977077249118,1.0
0.3567567567567568,1.448900371677132,1.0
0.35865865865865865,1.407302215532928,1.0
0.3605605605605605,1.5076143389381442,1.0
0.3624624624624625,1.531875472976652,1.0
0.36436436436436437,1.626395124266725,1.0
0.36626626626626624,1.8019037019106805,1.0
0.3681681681681681,1.4032539583163222,1.0
0.3700700700700701,1.4709807487413356,1.0
0.37197197197197196,1.3965102364480932,1.0
0.37387387387387383,1.2792508768913877,1.0
0.3757757757757758,1.4129054383043378,1.0
0.3776776776776777,1.2241173195610584,1.0
0.37957957957957955,1.265319206895636,1.0
0.3814814814814814,1.3780088336355933,1.0
0.3833833833833834,1.4230478676356428,1.0
0.3852852852852853,1.2899263118817872,1.0
0.38718718718718714,1.3040229149123652,1.0
0.3890890890890891,1.236553722452367,1.0
0.390990990990991,1.1754608442755248,1.0
0.39289289289289286,1.2587750038129308,1.0
0.39479479479479473,1.4486256137818907,1.0
0.3966966966966967,1.2790526459920752,1.0
0.3985985985985986,1.4159077337401227,1.0
0.40050050050050046,1.3565129489890533,1.0
0.40240240240240244,1.2390640336911192,1.0
0.4043043043043043,1.370171295664159,1.0
0.4062062062062062,1.335947812742544,1.0
0.40810810810810805,0.9294746678419619,1.0
0.41001001001001003,1.1875653282202783,1.0
0.4119119119119119,1.1652513922302405,1.0
0.41381381381381377,1.4010984356166423,1.0
0.41571571571571575,1.4122916738694322,1.0
0.4176176176176176,1.1264858902522832,1.0
0.4195195195195195,1.108952937344447,1.0
0.42142142142142136,1.4172809970033469,1.0
0.42332332332332334,1.390833722106494,1.0
0.4252252252252252,1.3265649639600998,1.0
0.4271271271271271,1.3060272017192482,1.0
0.42902902902902906,1.188673293518057,1.0
0.43093093093093093,1.0208814572894787,1.0
0.4328328328328328,1.2148630408027274,1.0
0.4347347347347347,1.3390210543592078,1.0
0.43663663663663665,1.0935489876222269,1.0
0.4385385385385385,1.0271785783291205,1.0
0.4404404404404404,1.4645974817018619,1.0
0.4423423423423424,1.1311893800220116,1.0
0.44424424424424425,1.0705069047427236,1.0
0.4461461461461461,1.2308909863010284,1.0
0.448048048048048,1.1634988213330617,1.0
0.44994994994994997,0.9115237367716531,1.0
0.45185185185185184,1.0108920472698437,1.0
0.4537537537537537,1.054707945248908,1.0
0.4556556556556557,1.000143122491088,1.0
0.45755755755755756,1.0096805102447013,1.0
0.45945945945945943,1.0207893438936397,1.0
0.4613613613613613,1.082088580645745,1.0
0.4632632632632633,0.944564925056504,1.0
0.46516516516516515,1.1444975007958929,1.0
0.467067067067067,1.0885568823889795,1.0
0.468968968968969,1.030327760049296,1.0
0.4708708708708709,1.063809328150803,1.0
0.47277277277277274,0.9675989057355966,1.0
0.4746746746746746,0.9683345713612375,1.0
0.4765765765765766,0.8773069887671526,1.0
0.47847847847847846,0.823170935091482,1.0
0.48038038038038033,0.8938099142032134,1.0
0.4822822822822823,0.9265603350707649,1.0
0.4841841841841842,1.022702975519931,1.0
0.48608608608608606,1.0233435326205575,1.0
0.4879879879879879,0.8671125721665384,1.0
0.4898898898898899,0.6340311195636688,1.0
0.4917917917917918,0.7887620283791567,1.0
0.49369369369369365,1.0554909715632792,1.0
0.49559559559559563,0.9252081212615857,1.0
0.4974974974974975,0.8694480187505519,1.0
0.49939939939939937,0.9052413678555439,1.0
0.5013013013013012,0.8350071992039325,1.0
0.5032032032032032,0.8907828891190958,1.0
0.5051051051051051,0.7616500158470974,1.0
0.507007007007007,0.7653061907193288,1.0
0.5089089089089089,0.994391468357742,1.0
0.5108108108108108,0.9357632799478205,1.0
0.5127127127127127,0.8845520175254246,1.0
0.5146146146146146,0.9078768405607273,1.0
0.5165165165165165,0.8142783657084706,1.0
0.5184184184184184,0.8043846451598273,1.0
0.5203203203203203,0.7102568600883555,1.0
0.5222222222222223,0.9252044700198406,1.0
0.5241241241241241,0.9302343770254463,1.0
0.526026026026026,0.8032366003541961,1.0
0.5279279279279279,0.9305722680976913,1.0
0.5298298298298298,0.7608250778532822,1.0
0.5317317317317317,0.6898040386495924,1.0
0.5336336336336336,0.8406111921445678,1.0
0.5355355355355356,0.7120206157331095,1.0
0.5374374374374374,0.7724654020119004,1.0
0.5393393393393393,0.7373748472457349,1.0
0.5412412412412412,0.7933516670257307,1.0
0.5431431431431432,0.7750272325717228,1.0
0.545045045045045,0.7744455920877462,1.0
0.5469469469469469,0.8821214874367794,1.0
0.5488488488488489,0.717903645993138,1.0
0.5507507507507508,0.7736931148920162,1.0
0.5526526526526526,0.7296301235911185,1.0
0.5545545545545545,0.7995263672082249,1.0
0.5564564564564565,0.7261295942202942,1.0
0.5583583583583583,0.7732872203102863,1.0
0.5602602602602602,0.7885359377569187,1.0
0.5621621621621622,0.7737916336160093,1.0
0.5640640640640641,0.7067688200462565,1.0
0.5659659659659659,0.5615008699250594,1.0
0.5678678678678678,0.8890004431569489,1.0
0.5697697697697698,0.6796311205905106,1.0
0.5716716716716717,0.7011312508197088,1.0
0.5735735735735735,0.7864612396832061,1.0
0.5754754754754755,0.6863985922597995,1.0
0.5773773773773774,0.7645771715170687,1.0
0.5792792792792792,0.489879094534409,1.0
0.5811811811811811,0.66174247606234,1.0
0.5830830830830831,0.6759423840699037,1.0
0.584984984984985,0.6503946979533212,1.0
0.5868868868868868,0.6894826806060219,1.0
0.5887887887887888,0.7760531308609284,1.0
0.5906906906906907,0.68655936073973,1.0
0.5925925925925926,0.668950626062147,1.0
0.5944944944944944,0.6494892007902817,1.0
0.5963963963963964,0.6986928741818677,1.0
0.5982982982982983,0.664117934963787,1.0
0.6002002002002002,0.726107184276424,1.0
0.602102102102102,0.678861568110972,1.0
0.604004004004004,0.5901972616290826,1.0
0.6059059059059059,0.6412541518028962,1.0
0.6078078078078077,0.6488480471948351,1.0
0.6097097097097096,0.7080420831854451,1.0
0.6116116116116116,0.6178834366031547,1.0
0.6135135135135135,0.5850627664116672,1.0
0.6154154154154153,0.6088613524858356,1.0
0.6173173173173173,0.6669126314549133,1.0
0.6192192192192192,0.5914619452598603,1.0
0.6211211211211211,0.609042998257784,1.0
0.6230230230230229,0.658868936154201,1.0
0.6249249249249249,0.5798367414795658,1.0
0.6268268268268268,0.6225206794439834,1.0
0.6287287287287286,0.5656949820239934,1.0
0.6306306306306306,0.6203618191753655,1.0
0.6325325325325325,0.6221949734782186,1.0
0.6344344344344344,0.6935550938547916,1.0
0.6363363363363362,0.5476982390196184,1.0
0.6382382382382382,0.48399110658788375,1.0
0.6401401401401401,0.5106675859517538,1.0
0.642042042042042,0.4903869093708576,1.0
0.6439439439439439,0.6199798429851514,1.0
0.6458458458458458,0.5503283338513912,1.0
0.6477477477477477,0.7490269664471518,1.0
0.6496496496496496,0.5983682035787813,1.0
0.6515515515515515,0.5526071558792575,1.0
0.6534534534534534,0.5888509585652453,1.0
0.6553553553553553,0.5556204992441565,1.0
0.6572572572572573,0.5552849382449361,1.0
0.6591591591591591,0.5144440926406917,1.0
0.661061061061061,0.5122166481272388,1.0
0.6629629629629629,0.5532240296229431,1.0
0.6648648648648648,0.5392288440433521,1.0
0.6667667667667667,0.5032720335820567,1.0
0.6686686686686686,0.5637454312617651,1.0
0.6705705705705706,0.5210116514348946,1.0
0.6724724724724724,0.4771083939592435,1.0
0.6743743743743743,0.4980511087060531,1.0
0.6762762762762762,0.5346017012176548,1.0
0.6781781781781782,0.5254542166516639,1.0
0.68008008008008,0.46772982086391524,1.0
0.6819819819819819,0.5643510488833136,1.0
0.6838838838838839,0.506831474283287,1.0
0.6857857857857858,0.5467048707965719,1.0
0.6876876876876876,0.49882537906247504,1.0
0.6895895895895895,0.47943459793593185,1.0
0.6914914914914915,0.48552627964041495,1.0
0.6933933933933933,0.5009864988081187,1.0
0.6952952952952952,0.4190338938510443,1.0
0.6971971971971972,0.42481037650081366,1.0
0.6990990990990991,0.5280146217298514,1.0
0.7010010010010009,0.35936500503253976,1.0
0.7029029029029028,0.495943603763023,1.0
0.7048048048048048,0.49833082909788495,1.0
0.7067067067067067,0.4512324861214791,1.0
0.7086086086086085,0.4198394128491749,1.0
0.7105105105105105,0.5307468471891607,1.0
0.7124124124124124,0.47174843479037365,1.0
0.7143143143143142,0.45602486376385504,1.0
0.7162162162162161,0.46346086714887963,1.0
0.7181181181181181,0.4583842088649446,1.0
0.72002002002002,0.425808322178689,1.0
0.7219219219219218,0.491945215732987,1.0
0.7238238238238238,0.40092749439856645,1.0
0.7257257257257257,0.3636944079292567,1.0
0.7276276276276276,0.45958499278457865,1.0
0.7295295295295294,0.4148130638831439,1.0
0.7314314314314314,0.48762873557377856,1.0
0.7333333333333333,0.5063515345845033,1.0
0.7352352352352352,0.43912057860894627,1.0
0.7371371371371371,0.44620546212475254,1.0
0.739039039039039,0.4375012335789433,1.0
0.7409409409409409,0.5143470176726714,1.0
0.7428428428428427,0.4490055138678285,1.0
0.7447447447447447,0.3831865014665624,1.0
0.7466466466466466,0.38031344194841193,1.0
0.7485485485485485,0.43322438655159584,1.0
0.7504504504504504,0.418160908200347,1.0
0.7523523523523523,0.43937698319794044,1.0
0.7542542542542542,0.38687224843291174,1.0
0.7561561561561561,0.4388546088751946,1.0
0.758058058058058,0.4183876707318415,1.0
0.7599599599599599,0.44877281911902517,1.0
0.7618618618618618,0.3635343075847012,1.0
0.7637637637637638,0.4138562989760407,1.0
0.7656656656656656,0.4420191382358448,1.0
0.7675675675675675,0.4344460735291342,1.0
0.7694694694694694,0.4466095481044362,1.0
0.7713713713713714,0.4551708171630758,1.0
0.7732732732732732,0.4143379040427151,1.0
0.7751751751751751,0.4305540730052465,1.0
0.7770770770770771,0.3577672193276498,1.0
0.7789789789789789,0.43872826542462123,1.0
0.7808808808808808,0.39093568795810174,1.0
0.7827827827827827,0.5206564657617478,1.0
0.7846846846846847,0.40128929749575176,1.0
0.7865865865865865,0.4434616430530185,1.0
0.7884884884884884,0.3521989651194643,1.0
0.7903903903903904,0.39602184345495967,1.0
0.7922922922922923,0.3965382086067479,1.0
0.7941941941941941,0.40810148658942486,1.0
0.796096096096096,0.4087642445867201,1.0
0.797997997997998,0.4139290434884204,1.0
0.7998998998998998,0.39503138053457765,1.0
0.8018018018018017,0.386906532193818,1.0
0.8037037037037037,0.42770243542279346,1.0
0.8056056056056056,0.3878222469852694,1.0
0.8075075075075074,0.4149863234216286,1.0
0.8094094094094093,0.3902595430546225,1.0
0.8113113113113113,0.3478151770963772,1.0
0.8132132132132132,0.3701536047959439,1.0
0.815115115115115,0.42610627459690564,1.0
0.817017017017017,0.354199503739592,1.0
0.8189189189189189,0.3737361644303817,1.0
0.8208208208208208,0.3464064177136755,1.0
0.8227227227227226,0.32936827321039946,1.0
0.8246246246246246,0.3327533150941317,1.0
0.8265265265265265,0.3762830198730734,1.0
0.8284284284284283,0.35006141866673435,1.0
0.8303303303303303,0.2962742533226814,1.0
0.8322322322322322,0.35394511856541006,1.0
0.8341341341341341,0.40834949078575133,1.0
0.8360360360360359,0.30273478107658275,1.0
0.8379379379379379,0.38704527589102844,1.0
0.8398398398398398,0.3256785472528313,1.0
0.8417417417417417,0.41189261732358934,1.0
0.8436436436436435,0.3651834432207829,1.0
0.8455455455455455,0.32755201398506256,1.0
0.8474474474474474,0.3329746545305347,1.0
0.8493493493493492,0.3241924035859883,1.0
0.8512512512512512,0.2907497781270679,1.0
0.8531531531531531,0.32788502796678803,1.0
0.855055055055055,0.2965450769782644,1.0
0.8569569569569568,0.31226146920913583,1.0
0.8588588588588588,0.3568333268583691,1.0
0.8607607607607607,0.307612063339998,1.0
0.8626626626626626,0.2799496604177564,1.0
0.8645645645645645,0.3309803954176297,1.0
0.8664664664664664,0.3666611643134074,1.0
0.8683683683683683,0.2968582148596271,1.0
0.8702702702702702,0.4153041228204037,1.0
0.8721721721721721,0.3580439290976607,1.0
0.874074074074074,0.31296398556131566,1.0
0.8759759759759759,0.3839932571597285,1.0
0.8778778778778779,0.3016745420659031,1.0
0.8797797797797797,0.3150407366052527,1.0
0.8816816816816816,0.32497918266983733,1.0
0.8835835835835835,0.3456033591009135,1.0
0.8854854854854854,0.2799450488747671,1.0
0.8873873873873873,0.322501729871103,1.0
0.8892892892892892,0.3048901674997212,1.0
0.8911911911911912,0.355483137638291,1.0
0.893093093093093,0.311770542615019,1.0
0.8949949949949949,0.340478315396528,1.0
0.8968968968968968,0.3384364551391026,1.0
0.8987987987987988,0.3208988225569932,1.0
0.9007007007007006,0.2863123722127231,1.0
0.9026026026026025,0.3331521832346836,1.0
0.9045045045045045,0.3136854059674966,1.0
0.9064064064064064,0.3196036676587279,1.0
0.9083083083083082,0.28991378919917393,1.0
0.9102102102102101,0.2543587440429987,1.0
0.9121121121121121,0.2912134656804802,1.0
0.9140140140140139,0.2541017187880045,1.0
0.9159159159159158,0.2821119958941411,1.0
0.9178178178178178,0.2389304898348974,1.0
0.9197197197197197,0.3015875990090362,1.0
0.9216216216216215,0.32891604427111143,1.0
0.9235235235235234,0.29881808794207065,1.0
0.9254254254254254,0.2850623345722024,1.0
0.9273273273273273,0.25077120885905935,1.0
0.9292292292292291,0.29671711405465984,1.0
0.9311311311311311,0.3296827697644275,1.0
0.933033033033033,0.30362440966686266,1.0
0.9349349349349348,0.22607003786629554,1.0
0.9368368368368367,0.2934088742547527,1.0
0.9387387387387387,0.30602179860166456,1.0
0.9406406406406406,0.2440367081755334,1.0
0.9425425425425424,0.26375697189029046,1.0
0.9444444444444444,0.261394305200232,1.0
0.9463463463463463,0.2820158398161172,1.0
0.9482482482482482,0.3071020577560737,1.0
0.95015015015015,0.25700504737394325,1.0
0.952052052052052,0.2850137629854482,1.0
0.9539539539539539,0.2809326403382988,1.0
0.9558558558558558,0.2744402626495578,1.0
0.9577577577577577,0.25528070554040955,1.0
0.9596596596596596,0.26256363733499577,1.0
0.9615615615615615,0.2759140586664483,1.0
0.9634634634634633,0.29594681661015565,1.0
0.9653653653653653,0.2746207604047434,1.0
0.9672672672672672,0.26514493081853524,1.0
0.9691691691691691,0.24167811469992806,1.0
0.971071071071071,0.22961534717450952,1.0
0.9729729729729729,0.22193245039746737,1.0
0.9748748748748748,0.24390572243809502,1.0
0.9767767767767767,0.21473288253707515,1.0
0.9786786786786786,0.294842606880633,1.0
0.9805805805805805,0.25385247245194825,1.0
0.9824824824824824,0.251399714186605,1.0
0.9843843843843844,0.24103138038832447,1.0
0.9862862862862862,0.28477762389222,1.0
0.9881881881881881,0.275726448693211,1.0
0.99009009009009,0.2687463419555438,1.0
0.991991991991992,0.27329129062999374,1.0
0.9938938938938938,0.21521126292823106,1.0
0.9957957957957957,0.23692029064301595,1.0
0.9976976976976977,0.20486427259698092,1.0
0.9995995995995995,0.25365317813320193,1.0
1.0015015015015014,0.23961379567213964,1.0
1.0034034034034034,0.26512619914556335,1.0
1.0053053053053054,0.2394367560199878,1.0
1.0072072072072071,0.2024323224925137,1.0
1.0091091091091091,0.30947488983644733,1.0
1.011011011011011,0.2349027313185785,1.0
1.0129129129129129,0.22970389051610687,1.0
1.0148148148148148,0.27190360480817066,1.0
1.0167167167167166,0.2255956639654996,1.0
1.0186186186186186,0.23756951402623439,1.0
1.0205205205205206,0.2321010420748935,1.0
1.0224224224224223,0.26196329249142025,1.0
1.0243243243243243,0.2032125188963282,1.0
1.0262262262262263,0.2284632240971329,1.0
1.028128128128128,0.2954398626261558,1.0
1.03003003003003,0.2389920098503234,1.0
1.031931931931932,0.2811997516409,1.0
1.0338338338338338,0.19471914352690145,1.0
1.0357357357357357,0.23803697481732394,1.0
1.0376376376376377,0.24224647441853328,1.0
1.0395395395395395,0.245596232565512,1.0
1.0414414414414415,0.19753041048149703,1.0
1.0433433433433432,0.22412541363222446,1.0
1.0452452452452452,0.23565134939939056,1.0
1.0471471471471472,0.21698345807370792,1.0
1.049049049049049,0.2071595493127472,1.0
1.050950950950951,0.23084869486564344,1.0
1.052852852852853,0.2201972471097183,1.0
1.0547547547547547,0.2037166596347459,1.0
1.0566566566566566,0.23688539415279827,1.0
1.0585585585585586,0.22148122031803563,1.0
1.0604604604604604,0.22469291713812398,1.0
1.0623623623623624,0.26268418770868135,1.0
1.0642642642642643,0.1884660540887637,1.0
1.066166166166166,0.19472136369775508,1.0
1.068068068068068,0.2539351379855228,1.0
1.0699699699699698,0.22533423625789278,1.0
1.0718718718718718,0.20393432267266212,1.0
1.0737737737737738,0.2217023339566631,1.0
1.0756756756756756,0.20909374329243494,1.0
1.0775775775775776,0.2564939147967661,1.0
1.0794794794794795,0.1808382993496196,1.0
1.0813813813813813,0.2329379974885718,1.0
1.0832832832832833,0.22205983927341444,1.0
1.0851851851851853,0.20123370578856628,1.0
1.087087087087087,0.19246600390227206,1.0
1.088988988988989,0.23328245036821224,1.0
1.090890890890891,0.22800444093533828,1.0
1.0927927927927927,0.18430563649687579,1.0
1.0946946946946947,0.23623470300429728,1.0
1.0965965965965965,0.17740929500857766,1.0
1.0984984984984985,0.23105841227848392,1.0
1.1004004004004004,0.16779842918145896,1.0
1.1023023023023024,0.19524171087769993,1.0
1.1042042042042042,0.20203873899156968,1.0
1.1061061061061062,0.24491862317760654,1.0
1.1080080080080081,0.21825149952798234,1.0
1.10990990990991,0.22977067799321402,1.0
1.1118118118118119,0.22946020050287402,1.0
1.1137137137137136,0.20629924050051945,1.0
1.1156156156156156,0.24735658007038522,1.0
1.1175175175175176,0.17779192469227184,1.0
1.1194194194194194,0.22543008085485516,1.0
1.1213213213213213,0.19817040093252467,1.0
1.1232232232232233,0.19966036077288746,1.0
1.125125125125125,0.20733849139160215,1.0
1.127027027027027,0.19706846162299194,1.0
1.128928928928929,0.18779570157708345,1.0
1.1308308308308308,0.18747514125578763,1.0
1.1327327327327328,0.23909111807550076,1.0
1.1346346346346348,0.1741594995706442,1.0
1.1365365365365365,0.1756421463768695,1.0
1.1384384384384385,0.19237349269640827,1.0
1.1403403403403403,0.16450122732900996,1.0
1.1422422422422422,0.20414764152693643,1.0
1.1441441441441442,0.17083565694465952,1.0
1.146046046046046,0.1855592097780653,1.0
1.147947947947948,0.18195147712750098,1.0
1.14984984984985,0.17078973419287716,1.0
1.1517517517517517,0.21446597890292646,1.0
1.1536536536536537,0.19000680899586178,1.0
1.1555555555555557,0.1901504827655184,1.0
1.1574574574574574,0.16236455975323458,1.0
1.1593593593593594,0.19916629873620137,1.0
1.1612612612612614,0.16326012850169985,1.0
1.1631631631631631,0.19559026020994555,1.0
1.1650650650650651,0.1584784469122522,1.0
1.166966966966967,0.20956179864664995,1.0
1.1688688688688689,0.13813137307916165,1.0
1.1707707707707709,0.1829667441861597,1.0
1.1726726726726726,0.19090655873979134,1.0
1.1745745745745746,0.18345156145694455,1.0
1.1764764764764766,0.20423919866378784,1.0
1.1783783783783783,0.18117159511764402,1.0
1.1802802802802803,0.1901705785067227,1.0
1.1821821821821823,0.1511192579666259,1.0
1.184084084084084,0.18213616575241526,1.0
1.185985985985986,0.1768835061726848,1.0
1.187887887887888,0.18658197004956992,1.0
1.1897897897897898,0.1552202937648877,1.0
1.1916916916916918,0.14813880187641598,1.0
1.1935935935935935,0.14507809310011802,1.0
1.1954954954954955,0.18601015906656757,1.0
1.1973973973973975,0.1747339392793494,1.0
1.1992992992992992,0.15895814504649183,1.0
1.2012012012012012,0.15040995267003845,1.0
1.2031031031031032,0.19090485459505038,1.0
1.205005005005005,0.1318774962217093,1.0
1.206906906906907,0.18224274479931393,1.0
1.208808808808809,0.1753150265028701,1.0
1.2107107107107107,0.17376701851603016,1.0
1.2126126126126127,0.1320773562660978,1.0
1.2145145145145146,0.18858083192607436,1.0
1.2164164164164164,0.1942499241146321,1.0
1.2183183183183184,0.1468455123742745,1.0
1.2202202202202201,0.17118949115564486,1.0
1.2221221221221221,0.18364343323969348,1.0
1.224024024024024,0.16420129482166224,1.0
1.2259259259259259,0.17459882395727225,1.0
1.2278278278278278,0.16297349857797894,1.0
1.2297297297297298,0.17146339983607067,1.0
1.2316316316316316,0.1757310664420302,1.0
1.2335335335335336,0.14212368287347898,1.0
1.2354354354354355,0.1560214121131009,1.0
1.2373373373373373,0.17491016429326597,1.0
1.2392392392392393,0.17028286973354317,1.0
1.2411411411411413,0.17643224630297497,1.0
1.243043043043043,0.14948959562698966,1.0
1.244944944944945,0.15529606644467853,1.0
1.2468468468468468,0.13846785522087673,1.0
1.2487487487487487,0.14067286265113427,1.0
1.2506506506506507,0.14556973404523665,1.0
1.2525525525525525,0.1748115832273271,1.0
1.2544544544544545,0.1311009495247843,1.0
1.2563563563563565,0.1139462322520799,1.0
1.2582582582582582,0.13160451694325287,1.0
1.2601601601601602,0.14344107435824244,1.0
1.2620620620620622,0.14570343753466294,1.0
1.263963963963964,0.16068655868534007,1.0
1.265865865865866,0.1533479063527094,1.0
1.267767767767768,0.13593095645593983,1.0
1.2696696696696697,0.14649390146314148,1.0
1.2715715715715716,0.13045961736584835,1.0
1.2734734734734734,0.12351361118097091,1.0
1.2753753753753754,0.11016294919013958,1.0
1.2772772772772774,0.15341150240320045,1.0
1.2791791791791791,0.15673796703211215,1.0
1.281081081081081,0.14286815204672634,1.0
1.282982982982983,0.12917225959536635,1.0
1.2848848848848848,0.1704337871290785,1.0
1.2867867867867868,0.16274186257633627,1.0
1.2886886886886888,0.12808409812609034,1.0
1.2905905905905906,0.1554132641411672,1.0
1.2924924924924925,0.1379076475768199,1.0
1.2943943943943945,0.1367821126606265,1.0
1.2962962962962963,0.1413899524317264,1.0
1.2981981981981983,0.1392036725390371,1.0
1.3001001001001,0.12114192026391765,1.0
1.302002002002002,0.15166425523743451,1.0
1.303903903903904,0.1322891714823066,1.0
1.3058058058058057,0.13830872282353932,1.0
1.3077077077077077,0.13653004542773817,1.0
1.3096096096096097,0.15951537964609797,1.0
1.3115115115115115,0.1526450245542436,1.0
1.3134134134134134,0.1507575988655293,1.0
1.3153153153153154,0.13865634676384023,1.0
1.3172172172172172,0.13957893198128773,1.0
1.3191191191191192,0.15628722029958036,1.0
1.3210210210210211,0.11148635441521995,1.0
1.322922922922923,0.14013378935324822,1.0
1.3248248248248249,0.1435412292125598,1.0
1.3267267267267266,0.13810940900717728,1.0
1.3286286286286286,0.13277838140944148,1.0
1.3305305305305306,0.12017257746713098,1.0
1.3324324324324324,0.13323113996938699,1.0
1.3343343343343343,0.14082820324622317,1.0
1.3362362362362363,0.1383887800961477,1.0
1.338138138138138,0.13219089823164898,1.0
1.34004004004004,0.14828610805337153,1.0
1.341941941941942,0.15747975275518666,1.0
1.3438438438438438,0.10611959730046522,1.0
1.3457457457457458,0.12715042525537207,1.0
1.3476476476476478,0.1276813967676232,1.0
1.3495495495495495,0.1356356046559825,1.0
1.3514514514514515,0.14807450012250797,1.0
1.3533533533533533,0.13376346795076202,1.0
1.3552552552552553,0.12900087990314685,1.0
1.3571571571571572,0.1363443644290645,1.0
1.359059059059059,0.14664467159292155,1.0
1.360960960960961,0.11599187064705718,1.0
1.362862862862863,0.1259074303237111,1.0
1.3647647647647647,0.12926971546267646,1.0
1.3666666666666667,0.1421055018092222,1.0
1.3685685685685687,0.13684616406528102,1.0
1.3704704704704704,0.13741076414628325,1.0
1.3723723723723724,0.12947877510842964,1.0
1.3742742742742744,0.14020573018229743,1.0
1.3761761761761762,0.13991767895812007,1.0
1.3780780780780781,0.12264665094202888,1.0
1.37997997997998,0.12610593515012805,1.0
1.3818818818818819,0.13157454945580177,1.0
1.3837837837837839,0.12125313168874698,1.0
1.3856856856856856,0.1299538768015895,1.0
1.3875875875875876,0.10472417935368925,1.0
1.3894894894894896,0.11332269894834891,1.0
1.3913913913913913,0.14877359896377046,1.0
1.3932932932932933,0.1322464909244314,1.0
1.3951951951951953,0.132587771496438,1.0
1.397097097097097,0.12228397945630311,1.0
1.398998998998999,0.12667482182837275,1.0
1.400900900900901,0.12187445305443825,1.0
1.4028028028028028,0.1510450923116029,1.0
1.4047047047047048,0.12377813106296234,1.0
1.4066066066066065,0.1295685615158021,1.0
1.4085085085085085,0.10814543478063594,1.0
1.4104104104104105,0.12369417424355848,1.0
1.4123123123123122,0.13750248291000086,1.0
1.4142142142142142,0.12710474439141795,1.0
1.4161161161161162,0.11567940138039787,1.0
1.418018018018018,0.12621960327135406,1.0
1.41991991991992,0.1087558806178423,1.0
1.421821821821822,0.13704299822853086,1.0
1.4237237237237237,0.11457179839572695,1.0
1.4256256256256257,0.12856517538124665,1.0
1.4275275275275277,0.11223245821470167,1.0
1.4294294294294294,0.10327030525206932,1.0
1.4313313313313314,0.1384361230263958,1.0
1.4332332332332332,0.12666197958535289,1.0
1.4351351351351351,0.12419996015512023,1.0
1.4370370370370371,0.0965504541610659,1.0
1.4389389389389389,0.13637256592065056,1.0
1.4408408408408409,0.11315480398289945,1.0
1.4427427427427428,0.11684990470942194,1.0
1.4446446446446446,0.11519558963326491,1.0
1.4465465465465466,0.09632008209502575,1.0
1.4484484484484486,0.10134920719789337,1.0
1.4503503503503503,0.12216649342341088,1.0
1.4522522522522523,0.1048444620236911,1.0
1.4541541541541543,0.11710015472533213,1.0
1.456056056056056,0.08546783788146016,1.0
1.457957957957958,0.12145776351305032,1.0
1.4598598598598598,0.1298346644946738,1.0
1.4617617617617618,0.12651920236329708,1.0
1.4636636636636637,0.11314937766981568,1.0
1.4655655655655655,0.10857006778620173,1.0
1.4674674674674675,0.11596990334873226,1.0
1.4693693693693695,0.10182708414834551,1.0
1.4712712712712712,0.11740367992820439,1.0
1.4731731731731732,0.09187597278678508,1.0
1.4750750750750752,0.10524483147068153,1.0
1.476976976976977,0.10340811777000626,1.0
1.478878878878879,0.12056964950100034,1.0
1.480780780780781,0.11790297132361892,1.0
1.4826826826826827,0.11038638392897891,1.0
1.4845845845845846,0.10615804666168786,1.0
1.4864864864864864,0.09447217324598951,1.0
1.4883883883883884,0.10955822816626673,1.0
1.4902902902902904,0.08740165662976387,1.0
1.4921921921921921,0.09973170543835004,1.0
1.494094094094094,0.09048487085012655,1.0
1.495995995995996,0.11270085871055201,1.0
1.4978978978978978,0.0892639962413406,1.0
1.4997997997997998,0.10922124613755636,1.0
1.5017017017017018,0.11780841671686337,1.0
1.5036036036036036,0.10874947724109782,1.0
1.5055055055055055,0.10335402502021335,1.0
1.5074074074074075,0.10820111916106587,1.0
1.5093093093093093,0.1006396974994085,1.0
1.5112112112112113,0.0841441580986301,1.0
1.513113113113113,0.09280917399035882,1.0
1.515015015015015,0.11667364164492829,1.0
1.516916916916917,0.08991086827811548,1.0
1.5188188188188187,0.10077240176371305,1.0
1.5207207207207207,0.09482417742134927,1.0
1.5226226226226227,0.11224753125123674,1.0
1.5245245245245245,0.10603952405753439,1.0
1.5264264264264265,0.10269734721709732,1.0
1.5283283283283284,0.10191857409473278,1.0
1.5302302302302302,0.10234350553780239,1.0
1.5321321321321322,0.08921408780139561,1.0
1.5340340340340342,0.09929074164761345,1.0
1.535935935935936,0.10293339255388304,1.0
1.537837837837838,0.08825285999234651,1.0
1.5397397397397397,0.08962482830217368,1.0
1.5416416416416416,0.08630792017643765,1.0
1.5435435435435436,0.10111081557462478,1.0
1.5454454454454454,0.10157284560873572,1.0
1.5473473473473474,0.08760393389428286,1.0
1.5492492492492493,0.10902595834329501,1.0
1.551151151151151,0.09275269389102761,1.0
1.553053053053053,0.10534310929673088,1.0
1.554954954954955,0.09999512343651307,1.0
1.5568568568568568,0.09783340913130457,1.0
1.5587587587587588,0.09970296683803911,1.0
1.5606606606606608,0.08760837777952676,1.0
1.5625625625625625,0.1154773665196718,1.0
1.5644644644644645,0.11148534601618867,1.0
1.5663663663663663,0.10583042755295519,1.0
1.5682682682682683,0.08068477042981494,1.0
1.5701701701701702,0.09686051764994898,1.0
1.572072072072072,0.09811209725402625,1.0
1.573973973973974,0.08221793561436312,1.0
1.575875875875876,0.09556986329114611,1.0
1.5777777777777777,0.09490079501561945,1.0
1.5796796796796797,0.08519653421378165,1.0
1.5815815815815817,0.08078065352832724,1.0
1.5834834834834834,0.09955708186096375,1.0
1.5853853853853854,0.09800265321492466,1.0
1.5872872872872872,0.10069303103566213,1.0
1.5891891891891892,0.09253936663553926,1.0
1.5910910910910911,0.09486371045723427,1.0
1.592992992992993,0.08332367166986575,1.0
1.5948948948948949,0.0835405000793018,1.0
1.5967967967967969,0.1023205989098159,1.0
1.5986986986986986,0.08295024850062098,1.0
1.6006006006006006,0.0960177647501222,1.0
1.6025025025025026,0.08424679962038313,1.0
1.6044044044044043,0.09588411654502924,1.0
1.6063063063063063,0.07747487664594657,1.0
1.6082082082082083,0.10092328194149099,1.0
1.61011011011011,0.08357894885806963,1.0
1.612012012012012,0.07576101753410248,1.0
1.6139139139139138,0.08031755018611318,1.0
1.6158158158158158,0.08039351205169042,1.0
1.6177177177177178,0.09489153788828732,1.0
1.6196196196196195,0.08218625851853249,1.0
1.6215215215215215,0.07479181640548337,1.0
1.6234234234234235,0.07989307946001793,1.0
1.6253253253253253,0.08772396610230136,1.0
1.6272272272272272,0.10296569740457587,1.0
1.6291291291291292,0.09079690987933212,1.0
1.631031031031031,0.07560231808880014,1.0
1.632932932932933,0.09197834171767132,1.0
1.634834834834835,0.08901987647813848,1.0
1.6367367367367367,0.07872253058836581,1.0
1.6386386386386387,0.08336230844443619,1.0
1.6405405405405404,0.06672414634963676,1.0
1.6424424424424424,0.08144457668863535,1.0
1.6443443443443444,0.09887041918664888,1.0
1.6462462462462462,0.11080032054319426,1.0
1.6481481481481481,0.08295734935042333,1.0
1.6500500500500501,0.0799978589916853,1.0
1.6519519519519519,0.08239969214881317,1.0
1.6538538538538539,0.08360997832558799,1.0
1.6557557557557558,0.08059693416987714,1.0
1.6576576576576576,0.08243114023484063,1.0
1.6595595595595596,0.07750892212704144,1.0
1.6614614614614616,0.09177105787416935,1.0
1.6633633633633633,0.07598551797020128,1.0
1.6652652652652653,0.07559735239011173,1.0
1.667167167167167,0.07318368806730238,1.0
1.669069069069069,0.08442448005624083,1.0
1.670970970970971,0.09492038262583788,1.0
1.6728728728728728,0.08830663597461832,1.0
1.6747747747747748,0.09158099807984767,1.0
1.6766766766766767,0.09264950196961999,1.0
1.6785785785785785,0.0744837748956162,1.0
1.6804804804804805,0.08751127197564812,1.0
1.6823823823823825,0.07207958258425057,1.0
1.6842842842842842,0.07159485967304466,1.0
1.6861861861861862,0.07844842465523692,1.0
1.6880880880880882,0.09361245718127773,1.0
1.68998998998999,0.0872338146695407,1.0
1.691891891891892,0.08799270661186437,1.0
1.6937937937937937,0.08831505479243193,1.0
1.6956956956956957,0.08831590182912888,1.0
1.6975975975975977,0.07178065475582272,1.0
1.6994994994994994,0.085727615533906,1.0
1.7014014014014014,0.07034715810999871,1.0
1.7033033033033034,0.0934088356024258,1.0
1.7052052052052051,0.07392160858227334,1.0
1.7071071071071071,0.08503457986974618,1.0
1.709009009009009,0.07469197646543577,1.0
1.7109109109109109,0.0800317713737588,1.0
1.7128128128128128,0.09894642420768672,1.0
1.7147147147147148,0.08023166525907051,1.0
1.7166166166166166,0.08469915077549331,1.0
1.7185185185185186,0.08520619223449476,1.0
1.7204204204204203,0.08140335186644941,1.0
1.7223223223223223,0.0733491932040396,1.0
1.7242242242242243,0.08186496874351007,1.0
1.726126126126126,0.08409014897704092,1.0
1.728028028028028,0.06901980516849598,1.0
1.72992992992993,0.09073990581746631,1.0
1.7318318318318318,0.06006191773246941,1.0
1.7337337337337337,0.07514075015869574,1.0
1.7356356356356357,0.07680644271092463,1.0
1.7375375375375375,0.07312749467936557,1.0
1.7394394394394395,0.06251175512012368,1.0
1.7413413413413414,0.07590990761242249,1.0
1.7432432432432432,0.06883146563987211,1.0
1.7451451451451452,0.06528958103361168,1.0
1.747047047047047,0.08158850427931362,1.0
1.748948948948949,0.07826825341659177,1.0
1.750850850850851,0.07261118134342347,1.0
1.7527527527527527,0.07957779595261455,1.0
1.7546546546546546,0.08960400119689729,1.0
1.7565565565565566,0.08009528475236655,1.0
1.7584584584584584,0.06794674464331267,1.0
1.7603603603603604,0.06676248802429612,1.0
1.7622622622622623,0.06887287156303887,1.0
1.764164164164164,0.0824909937988618,1.0
1.766066066066066,0.08102188270234485,1.0
1.767967967967968,0.06962897877020943,1.0
1.7698698698698698,0.06798811438276603,1.0
1.7717717717717718,0.08793601990365973,1.0
1.7736736736736736,0.0634187759595518,1.0
1.7755755755755755,0.08057929114326313,1.0
1.7774774774774775,0.07020321744126995,1.0
1.7793793793793793,0.06931591000063675,1.0
1.7812812812812813,0.0992784388425611,1.0
1.7831831831831833,0.07685042758134662,1.0
1.785085085085085,0.07883684429228102,1.0
1.786986986986987,0.06416194900481169,1.0
1.788888888888889,0.07020653964344614,1.0
1.7907907907907907,0.06563273950481115,1.0
1.7926926926926927,0.06894094207916969,1.0
1.7945945945945947,0.06795078432073771,1.0
1.7964964964964965,0.08376967634496933,1.0
1.7983983983983984,0.06422916992761911,1.0
1.8003003003003002,0.06896260793660534,1.0
1.8022022022022022,0.06835455594217028,1.0
1.8041041041041042,0.06457966770340613,1.0
1.806006006006006,0.0631721684987574,1.0
1.807907907907908,0.08180912729287297,1.0
1.8098098098098099,0.07768550684192062,1.0
1.8117117117117116,0.06786673700121472,1.0
1.8136136136136136,0.07148932297604364,1.0
1.8155155155155156,0.07187218262796907,1.0
1.8174174174174174,0.06925756472721797,1.0
1.8193193193193193,0.06953264793078895,1.0
1.8212212212212213,0.07067821517437861,1.0
1.823123123123123,0.058487700131354,1.0
1.825025025025025,0.060229486627388945,1.0
1.8269269269269268,0.07944287949335994,1.0
1.8288288288288288,0.07197437940492303,1.0
1.8307307307307308,0.07347923290346844,1.0
1.8326326326326325,0.07022203426790477,1.0
1.8345345345345345,0.08225321194191963,1.0
1.8364364364364365,0.07039400675346999,1.0
1.8383383383383383,0.07594316917055878,1.0
1.8402402402402402,0.06358312995225514,1.0
1.8421421421421422,0.06812909910298655,1.0
1.844044044044044,0.06377187997540544,1.0
1.845945945945946,0.06470381552371572,1.0
1.847847847847848,0.06411505041112908,1.0
1.8497497497497497,0.06505178828449505,1.0
1.8516516516516517,0.07835927333487143,1.0
1.8535535535535534,0.07456247613723482,1.0
1.8554554554554554,0.05853995191971948,1.0
1.8573573573573574,0.06678205735743287,1.0
1.8592592592592592,0.06608301716957343,1.0
1.8611611611611611,0.07123197993900197,1.0
1.8630630630630631,0.06020523705640371,1.0
1.8649649649649649,0.05824257162710627,1.0
1.8668668668668669,0.06423322909062038,1.0
1.8687687687687689,0.06233996133487149,1.0
1.8706706706706706,0.06946107520991938,1.0
1.8725725725725726,0.05244382639969889,1.0
1.8744744744744746,0.06617102342509053,1.0
1.8763763763763763,0.06752191725118561,1.0
1.8782782782782783,0.06873793264747692,1.0
1.88018018018018,0.07581001525228756,1.0
1.882082082082082,0.04809105862353243,1.0
1.883983983983984,0.06508033440005635,1.0
1.8858858858858858,0.06415496656517207,1.0
1.8877877877877878,0.0582152039208219,1.0
1.8896896896896898,0.06959220073282937,1.0
1.8915915915915915,0.060681297189138304,1.0
1.8934934934934935,0.08442063064653219,1.0
1.8953953953953955,0.057344528887065885,1.0
1.8972972972972972,0.050953593655821236,1.0
1.8991991991991992,0.06728967898394082,1.0
1.9011011011011012,0.0635623885947145,1.0
1.903003003003003,0.04661338705356475,1.0
1.904904904904905,0.058137464477011014,1.0
1.9068068068068067,0.06786656201467076,1.0
1.9087087087087087,0.06899506114860356,1.0
1.9106106106106107,0.06457513886803794,1.0
1.9125125125125124,0.05944809628197739,1.0
1.9144144144144144,0.05932336605454355,1.0
1.9163163163163164,0.05923844185330849,1.0
1.9182182182182181,0.06292046912156998,1.0
1.9201201201201201,0.06020404890795386,1.0
1.922022022022022,0.04911947162165193,1.0
1.9239239239239239,0.05974509356868974,1.0
1.9258258258258258,0.04920180870353341,1.0
1.9277277277277278,0.05580146500129875,1.0
1.9296296296296296,0.06284296261569357,1.0
1.9315315315315316,0.061735506334175995,1.0
1.9334334334334333,0.0673405283298228,1.0
1.9353353353353353,0.05591463156571813,1.0
1.9372372372372373,0.06262871611846588,1.0
1.939139139139139,0.06600413317415053,1.0
1.941041041041041,0.06071860761155912,1.0
1.942942942942943,0.054891838012942465,1.0
1.9448448448448448,0.0593321778664809,1.0
1.9467467467467467,0.06168960223678493,1.0
1.9486486486486487,0.04818239914457204,1.0
1.9505505505505505,0.0720773666260809,1.0
1.9524524524524525,0.05715697494918421,1.0
1.9543543543543545,0.06153425867066768,1.0
1.9562562562562562,0.05668919473869405,1.0
1.9581581581581582,0.04781358724542596,1.0
1.96006006006006,0.0547981203994462,1.0
1.961961961961962,0.05383460540828769,1.0
1.963863863863864,0.06374770602439774,1.0
1.9657657657657657,0.043382840983085535,1.0
1.9676676676676677,0.06088783642907594,1.0
1.9695695695695696,0.0572899833102858,1.0
1.9714714714714714,0.06003305218885443,1.0
1.9733733733733734,0.05066071023240933,1.0
1.9752752752752754,0.059580105309407876,1.0
1.9771771771771771,0.0536032591589292,1.0
1.979079079079079,0.049735922609759065,1.0
1.980980980980981,0.045044688737807016,1.0
1.9828828828828828,0.061751131807030075,1.0
1.9847847847847848,0.05613455314616105,1.0
1.9866866866866866,0.06201113755976121,1.0
1.9885885885885886,0.04929431275991758,1.0
1.9904904904904905,0.05979304755804014,1.0
1.9923923923923923,0.060434980718395086,1.0
1.9942942942942943,0.05893493631367526,1.0
1.9961961961961963,0.06493613584605146,1.0
1.998098098098098,0.05715565359206488,1.0
2.0,0.05592551117961758,1.0
