target,r,dotr,Phi,dotPhi
-0.9281321031692112,0.2154434690031884,0.043088693800637665,0.0,10.0
-0.9260145710142231,0.2155729617016757,0.0431534693397403,0.030016502989475963,9.99099099099099
-0.9205709458827459,0.2157026491553236,0.04321840082353956,0.06000595189784379,9.981981981981981
-0.9118337777925908,0.21583253183320975,0.043283488768719555,0.08996834672510348,9.972972972972974
-0.8998472879940604,0.21596261020596672,0.04334873369414521,0.11990368747125504,9.963963963963964
-0.8846671221825562,0.21609288474578844,0.043414136120873324,0.14981197413629846,9.954954954954955
-0.8663600646072522,0.21622335592643693,0.04347969657216394,0.17969320672023373,9.945945945945946
-0.8450037145457543,0.21635402422324887,0.043545415573491605,0.20954738522306088,9.936936936936936
-0.820686126733853,0.21648489011314223,0.04361129365255677,0.2393745096447799,9.927927927927929
-0.7935054174510657,0.21661595407462317,0.0436773313392973,0.2691745799853908,9.91891891891892
-0.7635693380664192,0.21674721658779247,0.04374352916589992,0.29894759624489353,9.90990990990991
-0.7309948179445027,0.21687867813435252,0.043809887666811875,0.3286935584232881,9.9009009009009
-0.6959074786990942,0.21701033919761412,0.04387640737875257,0.3584124665205746,9.891891891891891
-0.6584411218603661,0.21714220026250314,0.04394308884072532,0.388104320536753,9.882882882882884
-0.6187371920916949,0.21727426181556767,0.0440099325940292,0.41776912047182313,9.873873873873874
-0.5769442181533095,0.21740652434498467,0.044076939182270854,0.4474068663257852,9.864864864864865
-0.533217233862319,0.2175389883405671,0.04414410915137649,0.47701755809863916,9.855855855855856
-0.4877171813420321,0.21767165429377078,0.044211443049603935,0.506601195790385,9.846846846846846
-0.4406102988878837,0.21780452269770148,0.04427894142755468,0.5361577794010227,9.837837837837839
-0.3920674958027584,0.21793759404712204,0.044346604838186136,0.5656873089305522,9.82882882882883
-0.3422637165710689,0.21807086883845928,0.04441443383682381,0.5951897843789736,9.81981981981982
-0.2913772967487364,0.2182043475698113,0.04448242898117365,0.6246652057462868,9.81081081081081
-0.23958931294528557,0.21833803074095456,0.04455059083133447,0.654113573032492,9.801801801801801
-0.18708292926481798,0.21847191885335107,0.04461891994981042,0.683534886237589,9.792792792792794
-0.1340427425547774,0.21860601241015576,0.044687416901523544,0.7129291453615778,9.783783783783784
-0.08065412878541903,0.2187403119162236,0.044756082253826386,0.7422963504044585,9.774774774774775
-0.027102592848931052,0.218874817878117,0.044824916576514724,0.7716365013662312,9.765765765765765
0.02642687597448927,0.21900953080411314,0.04489392044184036,0.8009495982468956,9.756756756756756
0.07975044068537743,0.2191444512042114,0.04496309442452395,0.8302356410464518,9.747747747747749
0.1326860432265185,0.21927957959014077,0.045032439101768025,0.8594946297649,9.73873873873874
0.1850540190581903,0.21941491647536734,0.04510195505326994,0.88872656440224,9.72972972972973
0.23667769763754942,0.21955046237510176,0.04517164286123501,0.917931444958472,9.72072072072072
0.2873839868681298,0.21968621780630682,0.04524150311038971,0.9471092714335958,9.711711711711711
0.33700393966675307,0.21982218328770503,0.04531153638799489,0.9762600438276113,9.702702702702704
0.3853733008817951,0.2199583593397864,0.045381743283859265,1.005383762140519,9.693693693693694
0.432333032888389,0.22009474648481586,0.045452124390352656,1.0344804263723184,9.684684684684685
0.47772981828232236,0.22023134524684107,0.045522680302419655,1.0635500365230095,9.675675675675675
0.5214165381946868,0.2203681561517003,0.04559341161759316,1.0925925925925926,9.666666666666666
0.5632527248533672,0.22050517972702996,0.04566431893600806,1.1216080945810676,9.657657657657658
0.6031049871247625,0.22064241650227281,0.045735402860415074,1.1505965424884343,9.64864864864865
0.6408474078792774,0.2207798670086854,0.045806663996194534,1.179557936314693,9.63963963963964
0.67636191213669,0.22091753177934637,0.04587810295137033,1.2084922760598436,9.63063063063063
0.70953860506204,0.22105541134916412,0.04594972033662399,1.237399561723886,9.621621621621621
0.7402760789987619,0.221193506254885,0.04602151676530877,1.2662797933068204,9.612612612612612
0.7684816888429746,0.22133181703510127,0.046093492853463855,1.2951329708086465,9.603603603603604
0.7940717951807028,0.22147034423025927,0.04616564921982868,1.3239590942293644,9.594594594594595
0.8169719747279237,0.22160908838266738,0.04623798648585728,1.3527581635689743,9.585585585585585
0.8371171977312856,0.2217480500365044,0.046310505275732806,1.3815301788274763,9.576576576576576
0.8544519721047286,0.2218872297378276,0.04638320621638203,1.4102751400048696,9.567567567567568
0.8689304541936507,0.22202662803458112,0.0464560899374901,1.4389930471011552,9.558558558558559
0.8805165261733054,0.22216624547660416,0.0465291570715152,1.4676839001163324,9.54954954954955
0.8891838402014383,0.22230608261563936,0.046602408253703424,1.4963476990504017,9.54054054054054
0.894915829556373,0.22244614000534124,0.04667584412210373,1.5249844439033629,9.531531531531531
0.897705687100526,0.22258641820128464,0.04674946531758295,1.5535941346752156,9.522522522522522
0.8975563115152941,0.22272691776097303,0.04682327248384091,1.5821767713659607,9.513513513513514
0.8944802218561384,0.22286763924384745,0.04689726626742571,1.610732353975597,9.504504504504505
0.8884994410761373,0.22300858321129458,0.04697144731774894,1.6392608825041255,9.495495495495495
0.8796453492620654,0.2231497502266557,0.047045816287101194,1.6677623569515463,9.486486486486486
0.8679585074188483,0.22329114085523522,0.04712037383066749,1.6962367773178582,9.477477477477478
0.8534884527258572,0.22343275566430953,0.04719512060654301,1.7246841436030627,9.468468468468469
0.8362934662716711,0.22357459522313564,0.047270057275748664,1.7531044558071582,9.45945945945946
0.8164403143524391,0.2237166601029599,0.047345184502246986,1.7814977139301464,9.45045045045045
0.7940039644926802,0.22385895087702712,0.04742050295295803,1.8098639179720262,9.441441441441441
0.7690672774160086,0.2240014681205893,0.04749601329777537,1.8382030679327979,9.432432432432432
0.7417206762568167,0.22414421241091453,0.04757171620958223,1.866515163812461,9.423423423423424
0.712061794362162,0.22428718432729625,0.047647612364267705,1.8948002056110163,9.414414414414415
0.6801951030859695,0.22443038445106198,0.04772370244074305,1.9230581933284636,9.405405405405405
0.6462315210250127,0.22457381336558266,0.047799987120958135,1.9512891269648023,9.396396396396396
0.6102880061879453,0.2247174716562816,0.04787646708991794,1.9794930065200338,9.387387387387388
0.5724871326249102,0.2248613599106439,0.04795314303569927,2.0076698319941566,9.378378378378379
0.5329566530757998,0.22500547871822563,0.04803001564946738,2.035819603387171,9.36936936936937
0.4918290492202587,0.2251498286706629,0.04810708562549293,2.0639423206990775,9.36036036036036
0.4492410711318462,0.22529441036168157,0.04818435366116888,2.0920379839298757,9.35135135135135
0.4053332675525293,0.22543922438710645,0.0482618204570276,2.120106593079566,9.342342342342342
0.360249508611923,0.2255842713448707,0.04833948671675799,2.1481481481481484,9.333333333333334
0.3141365026184158,0.22572955183502552,0.048417353147222855,2.1761626491356223,9.324324324324325
0.26714330854669555,0.22587506645974958,0.048495420458476206,2.204150096041988,9.315315315315315
0.21942084583824395,0.22602081582335867,0.04857368936378085,2.232110488867246,9.306306306306306
0.17112140311827648,0.22616680053231528,0.04865216057962594,2.2600438276113954,9.297297297297298
0.12239814741443494,0.22631302119523847,0.048730834825744834,2.287950112274437,9.288288288288289
0.0734046354395171,0.2264594784229135,0.0488097128251328,2.31582934285637,9.27927927927928
0.024294328472727264,0.22660617282830176,0.04888879530406509,2.343681519357195,9.27027027027027
-0.02477988765840444,0.22675310502655055,0.04896808299211499,2.371506641776912,9.26126126126126
-0.07366617603003091,0.22690027563500306,0.049047576622172025,2.399304710115521,9.252252252252251
-0.122214214083421,0.22704768527320834,0.04912727693046027,2.427075724373022,9.243243243243244
-0.1702756497162161,0.22719533456293142,0.049207184656556845,2.454819684549414,9.234234234234235
-0.217704546672584,0.2273432241281633,0.04928730054341039,2.4825365906446986,9.225225225225225
-0.2643578179535173,0.2274913545951311,0.04936762533735981,2.510226442658875,9.216216216216216
-0.31009564602407425,0.2276397265923083,0.04944815978815306,2.537889240591943,9.207207207207208
-0.35478188865293275,0.22778834075042517,0.04952890464896609,2.565524984443903,9.198198198198199
-0.3982844692810402,0.2279371977024788,0.04960986067642185,2.593133674214755,9.18918918918919
-0.4404757508801749,0.22808629808374367,0.0496910286306095,2.620715309904499,9.18018018018018
-0.48123289232854394,0.22823564253178197,0.04977240927510372,2.648269891513135,9.17117117117117
-0.5204381863989794,0.22838523168645428,0.04985400337698411,2.6757974190406624,9.162162162162161
-0.5579793785255185,0.2285350661899299,0.049935811706854745,2.703297892487082,9.153153153153154
-0.5937499655859536,0.22868514668669765,0.05001783503886391,2.7307713118523926,9.144144144144144
-0.6276494740110689,0.22883547382357647,0.05010007415072383,2.758217677136596,9.135135135135135
-0.6595837166053857,0.22898604824972607,0.05018252982373068,2.7856369883396908,9.126126126126126
-0.6894650275392585,0.22913687061665783,0.05026520284278461,2.813029245461678,9.117117117117118
-0.717212475047583,0.22928794157824572,0.05034809399641002,2.8403944485025567,9.108108108108109
-0.7427520514462157,0.229439261790737,0.05043120407677584,2.867732597462327,9.0990990990991
-0.766016840152988,0.22959083191276336,0.05051453387971601,2.8950436923409892,9.09009009009009
-0.7869471594758476,0.2297426526053519,0.05059808420475011,2.9223277331385438,9.08108108108108
-0.8054906830058371,0.22989472453193624,0.05068185585510411,2.9495847198549905,9.072072072072071
-0.8216025365271558,0.23004704835836767,0.05076584963773122,2.9768146524903285,9.063063063063064
-0.835245371430175,0.23019962475292644,0.05085006636333299,3.004017531044558,9.054054054054054
-0.8463894146858145,0.23035245438633295,0.05093450684638038,3.0311933555176798,9.045045045045045
-0.8550124955108882,0.23050553793175915,0.051019171905135115,3.0583421259096935,9.036036036036036
-0.8611000489237397,0.23065887606483995,0.051104062361671115,3.0854638422205993,9.027027027027026
-0.8646450964574504,0.23081246946368464,0.05118917904189608,3.1125585044503965,9.018018018018019
-0.8656482043640141,0.23096631880888868,0.05127452277557327,3.1396261125990854,9.00900900900901
-0.8641174197068775,0.23112042478354491,0.0513600943963433,3.1666666666666665,9.0
-0.8600681848010553,0.2312747880732556,0.051445894741746226,3.1936801666531394,8.99099099099099
-0.853523230519421,0.23142940936614398,0.05153192465324368,3.2206666125585044,8.981981981981981
-0.8445124490406664,0.23158428935286604,0.05161818497624121,3.247626004382761,8.972972972972974
-0.8330727466686251,0.23173942872662262,0.05170467656011076,3.2745583421259092,8.963963963963964
-0.8192478774041148,0.23189482818317111,0.05179140025821325,3.30146362578795,8.954954954954955
-0.8030882579989701,0.2320504884208376,0.051878356927921386,3.3283418553688824,8.945945945945946
-0.7846507652675064,0.2322064101405289,0.05196554743064254,3.3551930308687066,8.936936936936936
-0.7639985164731193,0.2323625940457447,0.05205297263184188,3.3820171522874225,8.927927927927929
-0.7412006336470367,0.23251904084258987,0.05214063340106559,3.40881421962503,8.91891891891892
-0.7163319927323367,0.23267575123978668,0.05222853061196423,3.4355842328815296,8.90990990990991
-0.6894729584791544,0.2328327259486871,0.05231666514231632,3.4623271920569216,8.9009009009009
-0.6607091060465016,0.2329899656832853,0.052405037874052006,3.4890430971512054,8.891891891891891
-0.63013093029226,0.23314747116023027,0.05249364969327698,3.5157319481643805,8.882882882882884
-0.597833543755693,0.23330524309883818,0.05258250149029651,3.5423937450964473,8.873873873873874
-0.5639163643562093,0.23346328222110513,0.052671594159639554,3.5690284879474072,8.864864864864865
-0.528482793848127,0.23362158925171986,0.05276092860008321,3.5956361767172575,8.855855855855856
-0.4916398880838023,0.2337801649180766,0.052850505714677184,3.6222168114060005,8.846846846846846
-0.45349802014684815,0.23393900995028782,0.052940326410768485,3.648770392013635,8.837837837837839
-0.4141705374230596,0.23409812508119734,0.05303039160002632,3.675296918540161,8.82882882882883
-0.3737734136794369,0.23425751104639314,0.053120702198467075,3.7017963909855807,8.81981981981982
-0.33242489722115054,0.2344171685842206,0.05321125912647951,3.72826880934989,8.81081081081081
-0.2902451561925613,0.23457709843579563,0.05330206330885018,3.7547141736330927,8.801801801801801
-0.2473559220817205,0.2347373013450179,0.05339311567478889,3.781132483835186,8.792792792792794
-0.203880132477832,0.23489777805858422,0.053484417157954545,3.8075237399561725,8.783783783783784
-0.15994157411853507,0.23505852932600182,0.053575968696480895,3.8338879419960503,8.774774774774775
-0.1156645272481493,0.23521955589960197,0.0536677712330027,3.86022508995482,8.765765765765765
-0.0711734122897582,0.23538085853455343,0.05375982571468194,3.8865351838324815,8.756756756756756
-0.026592439812955056,0.23554243798887606,0.05385213309323426,3.912818223629034,8.747747747747749
0.01795473524446797,0.23570429502345472,0.0539446943249556,3.9390742093444797,8.73873873873874
0.062345354168522826,0.23586643040205288,0.05403751037074894,3.965303140978817,8.72972972972973
0.10645788897069985,0.23602884489132656,0.05413058219615133,3.9915050185320458,8.72072072072072
0.15017236992567032,0.23619153926083825,0.054223910771360996,4.017679842004167,8.711711711711711
0.1933707053038906,0.23635451428307103,0.054317497071264764,4.043827611395179,8.702702702702702
0.2359369924924234,0.23651777073344257,0.054411342075465524,4.0699483267050836,8.693693693693694
0.2777578197334174,0.23668130939031953,0.05450544676831008,4.09604198793388,8.684684684684685
0.31872255774758274,0.23684513103503163,0.05459981213891694,4.122108595081568,8.675675675675675
0.3587236405493023,0.23700923645188612,0.05469443918120448,4.148148148148149,8.666666666666666
0.39765683480069813,0.23717362642818224,0.05478932889391929,4.17416064713362,8.657657657657658
0.4354214970939412,0.23733830175422582,0.054884482280664705,4.2001460920379845,8.64864864864865
0.47192081859398255,0.23750326322334375,0.05497990034992941,4.22610448286124,8.63963963963964
0.5070620565178933,0.23766851163189884,0.05507558411511642,4.252035819603387,8.63063063063063
0.5407567519716131,0.23783404777930453,0.055171534594572205,4.277940102264427,8.621621621621621
0.5729209337102708,0.23799987246803986,0.055267752811615944,4.303817330844358,8.612612612612612
0.6034753074340887,0.23816598650366433,0.05536423979456907,4.329667505343181,8.603603603603604
0.6323454302779978,0.23833239069483314,0.055460996576785056,4.355490625760896,8.594594594594595
0.6594618701995784,0.2384990858533122,0.05555802419667922,4.381286692097503,8.585585585585585
0.6847603500163243,0.2386660727939934,0.055655323697758954,4.407055704353001,8.576576576576576
0.7081818758897209,0.23883335233491,0.05575289612865404,4.432797662527392,8.567567567567568
0.7296728500997971,0.239000925297252,0.05585074254314729,4.458512566620675,8.558558558558559
0.749185167999767,0.23916879250538173,0.0559488640002052,4.4842004166328495,8.54954954954955
0.7666762990858015,0.2393369547868494,0.05604726156400903,4.509861212563916,8.54054054054054
0.7821093521619074,0.23950541297240882,0.05614593630398601,4.535494954413873,8.531531531531531
0.7954531246240729,0.2396741678960332,0.05624488929484077,4.561101642182724,8.522522522522522
0.8066821359312805,0.23984322039493108,0.056344121616586966,4.586681275870465,8.513513513513514
0.8157766453735059,0.24001257130956233,0.05644363435457926,4.612233855477099,8.504504504504505
0.8227226542883006,0.2401822214836541,0.056543428599545274,4.637759381002624,8.495495495495495
0.8275118929179922,0.2403521717642172,0.05664350544761805,4.663257852447042,8.486486486486486
0.8301417921386932,0.24052242300156218,0.05674386600036853,4.68872926981035,8.477477477477478
0.830615440330252,0.240692976049316,0.056844511364838445,4.714173633092551,8.468468468468469
0.8289415256927859,0.24086383176443818,0.05694544265357323,4.739590942293645,8.45945945945946
0.8251342643505336,0.24103499100723755,0.057046660984655356,4.76498119741363,8.45045045045045
0.8192133146173234,0.2412064546413889,0.05714816748173781,4.790344398452507,8.441441441441441
0.811203677829926,0.24137822353394978,0.057249963274077824,4.815680545410275,8.432432432432432
0.8011355861858894,0.2415502985553773,0.05735204949657085,4.840989638286936,8.423423423423424
0.7890443780510774,0.2417226805795453,0.057454427289784844,4.866271677082488,8.414414414414415
0.774970361229004,0.2418953704837612,0.057557097799994614,4.891526661796932,8.405405405405405
0.7589586647091477,0.24206836914878332,0.05766006217921662,4.9167545924302685,8.396396396396396
0.7410590794346787,0.24224167745883818,0.05776332158524388,4.941955468982496,8.387387387387388
0.7213258886514159,0.24241529630163786,0.05786687718168128,4.967129291453616,8.378378378378379
0.699817688419375,0.2425892265683975,0.057970730137980875,4.992276059843627,8.36936936936937
0.6765971988858304,0.24276346915385297,0.05807488162947774,5.017395774152531,8.36036036036036
0.6517310669345554,0.2429380249562785,0.058179332837425914,5.042488434380327,8.35135135135135
0.6252896608396404,0.24311289487750465,0.05828408494903458,5.067554040527013,8.342342342342342
0.597346857564146,0.24328807982293602,0.05838913915750463,5.092592592592593,8.333333333333334
0.5679798233537905,0.2434635807015696,0.05849449666206541,5.117604090577063,8.324324324324325
0.5372687882838377,0.24363939842601268,0.0586001586680117,5.142588534480426,8.315315315315315
0.5052968154235147,0.2438155339125012,0.05870612638674106,5.167545924302682,8.306306306306306
0.47214956528648966,0.24399198808091813,0.05881240103579132,5.1924762600438275,8.297297297297298
0.4379150562383002,0.24416876185481207,0.058918983838878544,5.217379541703866,8.288288288288289
0.4026834215322418,0.24434585616141566,0.059025876025935,5.242255769282796,8.27927927927928
0.3665466636438739,0.24452327193166448,0.059133078833147605,5.267104942780618,8.27027027027027
0.3295984065713846,0.2447010101002158,0.05924059350299662,5.291927062197333,8.26126126126126
0.29193364676429046,0.2448790716054675,0.059348421284294524,5.316722127532938,8.252252252252251
0.2536485033365315,0.24505745738957732,0.0594565634322253,5.341490138787436,8.243243243243244
0.21483996821207021,0.2452361683984819,0.059565021208383986,5.366231095960826,8.234234234234235
0.17560565684143567,0.24541520558191604,0.05967379588081637,5.390944999053107,8.225225225225225
0.13604356011658578,0.24559456989343234,0.05978288872405917,5.415631848064281,8.216216216216216
0.0962517980989134,0.24577426229042054,0.059892301019180395,5.440291642994345,8.207207207207208
0.056328376161182414,0.2459542837341274,0.06000203405382007,5.464924383843302,8.198198198198199
0.01637094412900744,0.24613463518967627,0.06011208912223115,5.489530070611152,8.18918918918919
-0.023523441009200348,0.24631531762608722,0.060222467525320865,5.514108703297892,8.18018018018018
-0.06325854827259787,0.2464963320162969,0.060333170570692284,5.5386602819035256,8.17117117117117
-0.10273920120622126,0.24667767933717885,0.0604441995726862,5.563184806428049,8.162162162162161
-0.14187150123493622,0.24685936056956376,0.06055555585242336,5.587682276871465,8.153153153153154
-0.18056304536153567,0.24704137669825993,0.060667240737846996,5.612152693233774,8.144144144144144
-0.21872313773943142,0.24722372871207363,0.0607792555637656,5.636596055514974,8.135135135135135
-0.2562629946730545,0.2474064176038301,0.060891601671896084,5.661012363715066,8.126126126126126
-0.29309594262246763,0.24758944437039396,0.06100428041090726,5.685401617834049,8.117117117117118
-0.3291376088129369,0.24777281001269066,0.06111729313646368,5.709763817871925,8.108108108108109
-0.36430610407483055,0.24795651553572712,0.061230641211269636,5.734098963828694,8.0990990990991
-0.39852219756459556,0.24814056194861303,0.06134432600511367,5.758407055704352,8.09009009009009
-0.4317094830432403,0.24832495026458237,0.061458348894913355,5.782688093498905,8.08108108108108
-0.4637945364148475,0.24850968150101474,0.061572711264760334,5.806942077212347,8.072072072072071
-0.49470706425416316,0.2486947566794569,0.06168741450596583,5.831169006844682,8.063063063063064
-0.5243800430788165,0.2488801768256448,0.06180246001710642,5.85536888239591,8.054054054054054
-0.5527498491486801,0.2490659429695252,0.061917849204070084,5.879541703866027,8.045045045045045
-0.5797563786016963,0.2492520561452777,0.06203358348010274,5.903687471255039,8.036036036036036
-0.6053431577624142,0.24943851739133707,0.062149664265855005,5.927806184562941,8.027027027027028
-0.6294574434864123,0.24962532775041554,0.06226609298942947,5.951897843789736,8.018018018018019
-0.6520503134304225,0.24981248826952504,0.06238287108642806,5.975962448935422,8.00900900900901
-0.6730767461646117,0.25,0.06249999999999999,5.999999999999999,8.0
-0.6924956910697349,0.25018786399752013,0.06261748118089003,6.02401049698347,7.990990990990991
-0.7102701279878456,0.25037608132213296,0.06273531608748702,6.047993939885831,7.981981981981982
-0.7263671166209236,0.2505646530382773,0.06285350618587295,6.071950328707085,7.972972972972973
-0.7407578356968781,0.2507535802148062,0.06297205294987213,6.095879663447231,7.963963963963964
-0.7534176119471343,0.25094286392501025,0.06309095786110108,6.1197819441062675,7.954954954954955
-0.7643259389641531,0.2511325052466411,0.0632102224090185,6.1436571706841985,7.945945945945946
-0.7734664860307455,0.25132250526193506,0.06332984809097568,6.167505343181019,7.936936936936936
-0.7808270970360427,0.251512865057637,0.06344983641226751,6.191326461596731,7.927927927927928
-0.7863997796151299,0.2517035857250241,0.06357018888618354,6.2151205259313365,7.918918918918919
-0.7901806846709188,0.2518946683599301,0.06369090703405976,6.238887536184833,7.90990990990991
-0.7921700764575493,0.2520861140627693,0.06381199238533042,6.262627492357222,7.900900900900901
-0.792372293424534,0.2522779239385614,0.06393344647758062,6.286340394448502,7.891891891891891
-0.7907957000399737,0.2524700990969555,0.06405527085659898,6.310026242458674,7.882882882882883
-0.7874526298293842,0.2526626406522552,0.06417746707643095,6.333685036387739,7.873873873873874
-0.7823593198840002,0.25285554972344343,0.06430003669943234,6.357316776235694,7.864864864864865
-0.7755358371088295,0.25304882743420737,0.06442298129632343,6.380921462002544,7.8558558558558556
-0.7670059964961817,0.2532424749129637,0.06454630244624332,6.404499093688283,7.846846846846846
-0.7567972717248809,0.25343649329288387,0.06467000173680483,6.428049671292913,7.837837837837838
-0.744940698398881,0.25363088371191994,0.06479408076414984,6.451573194816438,7.828828828828829
-0.7314707702515184,0.2538256473128299,0.06491854113300488,6.475069664258853,7.81981981981982
-0.7164253286531002,0.2540207852432039,0.06504338445673731,6.498539079620161,7.8108108108108105
-0.6998454457700642,0.25421629865548967,0.06516861235741189,6.52198144090036,7.801801801801801
-0.681775301733342,0.2544121887070196,0.06529422646584779,6.54539674809945,7.792792792792793
-0.6622620561820375,0.2546084565600364,0.065420228421676,6.568785001217433,7.783783783783784
-0.6413557145559186,0.25480510338171997,0.06554661987339724,6.59214620025431,7.774774774774775
-0.6191089895165959,0.255002130344214,0.06567340247844025,6.615480345210075,7.7657657657657655
-0.5955771578826231,0.255199538624653,0.06580057790322062,6.638787436084733,7.756756756756756
-0.5708179134681332,0.25539732940518917,0.06592814782319999,6.662067472878283,7.747747747747748
-0.544891216217916,0.25559550387302,0.06605611392294577,6.685320455590726,7.738738738738739
-0.5178591380342564,0.25579406322041526,0.06618447789619135,6.7085463842220605,7.72972972972973
-0.48978570569216506,0.255993008644745,0.06631324144589659,6.7317452587722855,7.7207207207207205
-0.4607367412401058,0.25619234134850716,0.06644240628430909,6.7549170792414035,7.711711711711711
-0.4307797002827748,0.2563920625393555,0.06657197413302561,6.778061845629412,7.702702702702703
-0.39998350854099934,0.2565921734301279,0.06670194672305431,6.801179557936314,7.693693693693694
-0.3684183970815486,0.2567926752388748,0.06683232579487712,6.824270216162109,7.684684684684685
-0.33615573660632614,0.25699356918888744,0.06696311309851291,6.847333820306793,7.675675675675675
-0.3032678711863858,0.25719485650872687,0.06709431039358091,6.87037037037037,7.666666666666666
-0.26982795182131925,0.2573965384322527,0.0672259194493648,6.893379866352839,7.657657657657658
-0.23590977019877066,0.2575986161986523,0.06735794204487727,6.9163623082542,7.648648648648649
-0.20158759302245835,0.25780109105247034,0.067490379968925,6.939317696074454,7.63963963963964
-0.1669359972697879,0.25800396424363775,0.06762323502017423,6.962246029813597,7.63063063063063
-0.13202970673225112,0.2582072370275019,0.0677565090072168,6.985147309471634,7.621621621621621
-0.09694343018324938,0.25841091066485633,0.06789020374863679,7.008021535048561,7.612612612612613
-0.06175170150864939,0.25861498642197084,0.06802432107307763,7.030868706544382,7.603603603603604
-0.0265287221256508,0.258819465570622,0.06815886281930969,7.053688823959095,7.594594594594595
0.008651793994947565,0.2590243493881233,0.06829383083629853,7.076481887292697,7.585585585585585
0.04371677239890911,0.2592296391573562,0.06842922698327356,7.099247896545195,7.576576576576576
0.07859392701835359,0.2594353361668008,0.06856505312979734,7.121986851716582,7.5675675675675675
0.11321190556043902,0.2596414417105673,0.06870131115583543,7.144698752806861,7.558558558558559
0.14750043114633396,0.25984795708842706,0.06883800295182672,7.1673835998160325,7.54954954954955
0.1813904399447107,0.26005488360584417,0.06897513041875435,7.190041392744094,7.54054054054054
0.21481421455702737,0.26026222257400733,0.06911269546821726,7.212672131591051,7.531531531531531
0.2477055129251614,0.26046997530986193,0.06925070002250219,7.235275816356898,7.5225225225225225
0.2799996925457637,0.26067814313614196,0.06938914601465648,7.257852447041637,7.513513513513514
0.3116338297893775,0.2608867273814028,0.06952803538856112,7.280402023645268,7.504504504504505
0.34254683413662695,0.26109572938005343,0.06966737009900463,7.302924546167788,7.495495495495495
0.37267955715793477,0.2613051504723898,0.06980715211175754,7.325420014609204,7.486486486486486
0.4019748960775938,0.26151499200462736,0.0699473834036473,7.347888428969511,7.4774774774774775
0.4303778917775762,0.26172525532893487,0.07008806596263394,7.370329789248709,7.468468468468469
0.4578358211108673,0.26193594180346785,0.07022920178788629,7.3927440954467984,7.45945945945946
0.4842982834087467,0.262147052792402,0.07037079288985881,7.415131347563779,7.45045045045045
0.5097172810809395,0.2623585896659677,0.07051284129036903,7.437491545599654,7.441441441441441
0.5340472942220477,0.2625705538004837,0.0706553490226756,7.45982468955442,7.4324324324324325
0.5572453491521328,0.26278294657839235,0.07079831813155714,7.482130779428077,7.423423423423424
0.579271080833566,0.26299576938829344,0.07094175067339141,7.504409815220627,7.414414414414415
0.6000867891204883,0.2632090236249799,0.07108564871623543,7.526661796932068,7.405405405405405
0.6196574888112112,0.2634227106894725,0.07123001433990607,7.548886724562401,7.396396396396396
0.637950953487699,0.2636368319890555,0.07137484963606135,7.571084598111625,7.387387387387387
0.6549377531398755,0.26385138893731236,0.07152015670828245,7.593255417579742,7.378378378378379
0.670591285585827,0.2640663829541615,0.07166593767215629,7.615399182966751,7.36936936936937
0.6848878017120725,0.2642818154658928,0.07181219465535886,7.637515894272651,7.36036036036036
0.6978064245708122,0.2644976879052035,0.07195892979773919,7.659605551497444,7.351351351351351
0.7093291623835506,0.26471400171123544,0.07210614525140399,7.6816681546411285,7.342342342342342
0.719440915512604,0.26493075832961166,0.07225384318080315,7.703703703703704,7.333333333333334
0.7281294774737483,0.2651479592124737,0.07240202576281568,7.725712198685172,7.324324324324325
0.7353855300746546,0.26536560581851903,0.07255069518683648,7.747693639585532,7.315315315315315
0.7412026327747403,0.2655836996130389,0.0726998536548639,7.769648026404783,7.306306306306306
0.7455772063726385,0.26580224206795594,0.07284950338158791,7.791575359142927,7.297297297297297
0.7485085111376296,0.26602123466186295,0.07299964659447905,7.813475637799963,7.288288288288289
0.7499986195110876,0.266240678880061,0.07315028553387813,7.83534886237589,7.2792792792792795
0.7500523835132471,0.26646057621459834,0.07330142245308652,7.857195032870709,7.27027027027027
0.7486773969993826,0.2666809281643095,0.07345305961845744,7.87901414928442,7.261261261261261
0.7458839529178153,0.2669017362348545,0.07360519930948782,7.900806211617023,7.252252252252252
0.7416849957299866,0.2671230019387588,0.07375784381891098,7.922571219868518,7.243243243243244
0.7360960691601972,0.2673447267954526,0.07391099545279012,7.944309174038905,7.2342342342342345
0.7291352594494508,0.2675669123313116,0.07406465653061242,7.966020074128182,7.225225225225225
0.7208231342941984,0.26778956007969706,0.07421882938538418,7.987703920136353,7.216216216216216
0.7111826776566378,0.2680126715809967,0.07437351636372656,8.009360712063415,7.207207207207207
0.7002392206385515,0.2682362483826658,0.07452871982597221,8.03099044990937,7.198198198198198
0.6880203686155222,0.26846029203926836,0.07468444214626262,8.052593133674215,7.1891891891891895
0.6745559248326922,0.2686848041125189,0.07484068571264639,8.074168763357953,7.18018018018018
0.6598778106670681,0.268909786171324,0.0749974529271783,8.095717338960583,7.171171171171171
0.6440199827646902,0.2691352397918251,0.07515474620601906,8.117238860482104,7.162162162162162
0.6270183472638277,0.2693611665574404,0.07531256797953623,8.138733327922518,7.153153153153153
0.6089106713176972,0.26958756805890827,0.07547092069240556,8.160200741281823,7.1441441441441444
0.5897364921320274,0.26981444589432974,0.07562980680371362,8.18164110056002,7.135135135135135
0.5695370237341894,0.2700418016692124,0.07578922878706086,8.203054405757108,7.126126126126126
0.5483550616914719,0.270269636996514,0.07594918913066595,8.224440656873089,7.117117117117117
0.5262348859965272,0.2704979534966866,0.07610969033747073,8.245799853907961,7.108108108108108
0.5032221623379458,0.2707267527977205,0.07627073492524612,8.267131996861727,7.099099099099099
0.4793638419734757,0.27095603653518974,0.07643232542669899,8.288437085734383,7.09009009009009
0.4547080604224296,0.2711858063522962,0.07659446438957984,8.309715120525931,7.081081081081081
0.4293040351925182,0.27141606389991574,0.07675715437679144,8.330966101236372,7.072072072072072
0.40320196275456344,0.2716468108366433,0.07692039796649847,8.352190027865703,7.063063063063063
0.3764529149763487,0.27187804882883915,0.0770841977522379,8.373386900413928,7.054054054054054
0.3491087352244002,0.2721097795506753,0.07724855634303057,8.394556718881043,7.045045045045045
0.3212219343394106,0.27234200468418185,0.07741347636349342,8.415699483267051,7.036036036036036
0.29284558668789645,0.2725747259192943,0.07757896045395299,8.43681519357195,7.027027027027027
0.2640332264888862,0.2728079449539009,0.07774501127055967,8.457903849795741,7.018018018018018
0.23483874461056292,0.27304166349389,0.07791163148540303,8.478965451938425,7.009009009009009
0.20531628602745916,0.27327588325319846,0.07807882378662812,8.5,7.0
0.17552014812419142,0.2735106059538599,0.0782465908785527,8.521007493980466,6.990990990990991
0.14550468002688588,0.2737458333260534,0.07841493548178562,8.541987933879826,6.981981981981981
0.11532418313828217,0.27398156710815263,0.07858386033334609,8.562941319698076,6.972972972972974
0.08503281304707683,0.2742178090467755,0.07875336818678415,8.58386765143522,6.963963963963964
0.05468448297649828,0.27445456089683357,0.07892346181230186,8.604766929091253,6.954954954954955
0.024332768931158127,0.27469182442158263,0.07909414399687592,8.62563915266618,6.945945945945946
-0.00596918330471527,0.2749296013926731,0.07926541754438106,8.646484322159997,6.936936936936936
-0.03616874917093122,0.2751678935902008,0.07943728527571463,8.667302437572708,6.927927927927929
-0.0662139141964417,0.2754067028027587,0.07960975002892241,8.68809349890431,6.918918918918919
-0.09605336059212129,0.27564603082748823,0.07978281465932513,8.708857506154803,6.90990990990991
-0.12563655144407834,0.2758858794701314,0.07995648203964642,8.729594459324188,6.900900900900901
-0.15491381238721924,0.27612625054508333,0.0801307550601418,8.750304358412466,6.891891891891891
-0.18383641064568418,0.27636714587544503,0.08030563662872876,8.770987203419637,6.882882882882884
-0.21235663133380833,0.27660856729307687,0.080481129671118,8.791642994345697,6.873873873873874
-0.2404278509183484,0.2768505166386518,0.08065723713094577,8.81227173119065,6.864864864864865
-0.26800460774978885,0.2770929957617097,0.08083396196990741,8.832873413954495,6.8558558558558556
-0.29504266957782915,0.2773360065207117,0.0810113071678921,8.85344804263723,6.846846846846846
-0.321499097973257,0.27757955078309504,0.08118927572311868,8.87399561723886,6.837837837837839
-0.34733230958566746,0.2778236304253283,0.08136787065227291,8.894516137759382,6.828828828828829
-0.3725021341736977,0.27806824733296714,0.08154709499064557,8.915009604198794,6.81981981981982
-0.3969698693516316,0.2783134034007102,0.08172695179227203,8.935476016557097,6.8108108108108105
-0.4206983320033456,0.27855910053245586,0.0819074441300731,8.955915374834293,6.801801801801801
-0.4436519063217246,0.27880534064135876,0.08208857509599685,8.976327679030382,6.792792792792794
-0.46579658843869787,0.2790521256498878,0.08227034780116212,8.996712929145362,6.783783783783784
-0.487100027618024,0.27929945748988333,0.08245276537600277,9.017071125179234,6.774774774774775
-0.5075315639898307,0.2795473381026155,0.08263583097041362,9.037402267131997,6.7657657657657655
-0.5270622628127258,0.2797957694388432,0.08281954775389758,9.057706355003653,6.756756756756756
-0.5456649452559659,0.2800447534588728,0.08300391891571393,9.0779833887942,6.7477477477477485
-0.5633142157007545,0.28029429213261803,0.08318894766502832,9.098233368503639,6.738738738738739
-0.5799864855661542,0.2805443874396598,0.08337463723106353,9.11845629413197,6.72972972972973
-0.5956599936714073,0.2807950413693066,0.08356099086325208,9.138652165679192,6.7207207207207205
-0.6103148231526307,0.2810462559206556,0.08374801183138998,9.158820983145308,6.711711711711711
-0.6239329149577886,0.2812980331026539,0.08393570342579186,9.178962746530315,6.702702702702703
-0.6364980779497561,0.2815503749341604,0.08412406895744763,9.199077455834212,6.693693693693694
-0.6479959956528735,0.2818032834440083,0.08431311175818036,9.219165111057002,6.684684684684685
-0.6584142296838925,0.2820567606710676,0.08450283518080566,9.239225712198685,6.675675675675675
-0.667742219913526,0.2823108086643086,0.08469324259929256,9.25925925925926,6.666666666666666
-0.6759712814098853,0.28256542948286556,0.08488433740892577,9.279265752238727,6.657657657657658
-0.6830945982199915,0.28282062519610107,0.08507612302646941,9.299245191137082,6.648648648648649
-0.6891072140502701,0.2830763978836708,0.08526860289033229,9.319197575954332,6.63963963963964
-0.6940060199113771,0.2833327496355884,0.08546178046073453,9.339122906690474,6.63063063063063
-0.6977897387970492,0.28358968255229183,0.08565565921987589,9.359021183345508,6.621621621621621
-0.7004589074706713,0.2838471987447091,0.08585024267210546,9.378892405919434,6.612612612612613
-0.7020158554371383,0.28410530033432546,0.0860455343440931,9.39873657441225,6.603603603603604
-0.7024646811811963,0.28436398945325037,0.08624153778500214,9.418553688823959,6.594594594594595
-0.7018112257568518,0.28462326824428547,0.08643825656666397,9.438343749154559,6.585585585585585
-0.7000630438156145,0.28488313886099276,0.08663569428375396,9.458106755404053,6.576576576576576
-0.6972293721642959,0.2851436034677638,0.0868338545539692,9.477842707572439,6.5675675675675675
-0.6933210959458039,0.2854046642398887,0.0870327410182078,9.497551605659714,6.558558558558559
-0.6883507125388793,0.2856663233636264,0.08723235734074973,9.517233449665882,6.54954954954955
-0.6823322932749957,0.28592858303627494,0.08743270720943944,9.536888239590942,6.54054054054054
-0.6752814430726888,0.28619144546624264,0.08763379433587015,9.556515975434895,6.531531531531531
-0.6672152580914146,0.28645491287311947,0.08783562245556976,9.576116657197739,6.5225225225225225
-0.6581522815086327,0.28671898748774965,0.08803819532818866,9.595690284879474,6.513513513513514
-0.6481124575252011,0.28698367155230387,0.08824151673768899,9.6152368584801,6.504504504504505
-0.6371170837053337,0.28724896732035293,0.08844559049253584,9.63475637799962,6.495495495495495
-0.6251887617583246,0.2875148770569414,0.08865042042589026,9.654248843438031,6.486486486486486
-0.6123513468699714,0.2877814030386623,0.08885601039580392,9.673714254795337,6.4774774774774775
-0.598629895692192,0.2880485475537319,0.08906236428541567,9.69315261207153,6.468468468468469
-0.5840506130995954,0.28831631290206544,0.08926948600314995,9.712563915266617,6.45945945945946
-0.5686407978219805,0.2885847013953536,0.08947737948291687,9.731948164380597,6.45045045045045
-0.5524287870615778,0.28885371535713883,0.08968604868431442,9.751305359413466,6.441441441441441
-0.535443900203625,0.2891233571228932,0.08989549759283233,9.77063550036523,6.4324324324324325
-0.5177163817284518,0.2893936290400966,0.09010573022005809,9.789938587235884,6.423423423423424
-0.4992773434325212,0.2896645334683147,0.09031675060388462,9.80921462002543,6.414414414414415
-0.48015870606518307,0.2899360727792792,0.09052856280872007,9.828463598733869,6.405405405405405
-0.4603931404868097,0.290208249356967,0.09074117092569951,9.847685523361198,6.396396396396396
-0.4400140084529028,0.2904810655976811,0.09095457907289872,9.866880393907422,6.387387387387387
-0.41905530312744715,0.290754523910132,0.09116879139554984,9.886048210372534,6.378378378378379
-0.3975515894272544,0.2910286267155194,0.09138381206625924,9.90518897275654,6.36936936936937
-0.37553794429757237,0.29130337644761445,0.09159964528522718,9.924302681059437,6.36036036036036
-0.35304989701733547,0.2915787755528434,0.09181629528046983,9.943389335281227,6.351351351351351
-0.3301233696306341,0.29185482649037137,0.09203376630804323,9.962448935421909,6.342342342342342
-0.3067946175989624,0.2921315317321867,0.09225206265226947,9.981481481481483,6.333333333333333
-0.2831001707666247,0.2924088937631863,0.09247118862596489,10.000486973459946,6.324324324324325
-0.2590767747294655,0.2926869150812616,0.09269114857067057,10.019465411357302,6.315315315315315
-0.2347613326947402,0.2929655981973851,0.09291194685688497,10.038416795173552,6.306306306306306
-0.2101908479174256,0.2932449456356976,0.09313358788429878,10.057341124908692,6.297297297297297
-0.18540236679575628,0.29352495993359645,0.09335607608203209,10.076238400562726,6.288288288288288
-0.16043292270613807,0.293805643641824,0.09357941590887361,10.095108622135648,6.2792792792792795
-0.13531948065477806,0.29408699932455745,0.09380361185352261,10.113951789627464,6.27027027027027
-0.11009888282072339,0.2943690295594985,0.0940286684348326,10.132767903038172,6.261261261261261
-0.08480779506192065,0.2946517369379647,0.09425459020205786,10.151556962367774,6.252252252252252
-0.059482654453186394,0.2949351240649811,0.09448138173510216,10.170318967616264,6.243243243243243
-0.034159617921785214,0.2952191935593723,0.09470904764476971,10.189053918783648,6.2342342342342345
-0.008874512043488445,0.2955039480538561,0.09493759257301888,10.207761815869922,6.225225225225225
0.016337215941305213,0.2957893901951371,0.09516702119321802,10.22644265887509,6.216216216216216
0.04144054583476186,0.2960755226440015,0.09539733821040394,10.24509644779915,6.207207207207207
0.06640093085872971,0.2963623480754127,0.09562854836154303,10.263723182642103,6.198198198198198
0.09118434265153069,0.29664986917860736,0.0958606564157945,10.282322863403945,6.1891891891891895
0.1157573148373666,0.29693808865719284,0.09609366717477669,10.300895490084677,6.18018018018018
0.14008698512447093,0.29722700922924467,0.09632758547283549,10.319441062684305,6.171171171171171
0.1641411358913484,0.2975166336274054,0.09656241617731577,10.337959581202824,6.162162162162162
0.18788823322368672,0.2978069645989842,0.09679816418883527,10.356451045640235,6.153153153153153
0.21129746436764357,0.29809800490605715,0.0970348344415611,10.374915455996536,6.1441441441441444
0.2343387735684718,0.2983897573255682,0.09727243190348919,10.393352812271731,6.135135135135135
0.25698289626657417,0.2986822246494316,0.0975109615767262,10.411763114465817,6.126126126126126
0.2792013916262719,0.2989754096846343,0.09775042849777438,10.430146362578796,6.117117117117117
0.30096667337563515,0.29926931525334,0.09799083773781928,10.448502556610665,6.108108108108108
0.32225203893889576,0.29956394419299354,0.09823219440302002,10.466831696561425,6.099099099099099
0.34303169684593615,0.29985929935642663,0.0984745036348028,10.48513378243108,6.09009009009009
0.3632807924064201,0.30015538361196376,0.09871777061015695,10.503408814219624,6.081081081081081
0.382975431639131,0.3004521998435299,0.09896200054193414,10.521656791927063,6.072072072072072
0.40209270344989734,0.30074975095075834,0.0992071986791506,10.539877715553391,6.063063063063063
0.42061070005451784,0.30104803984910006,0.09945337030729196,10.558071585098611,6.054054054054054
0.43850853564576503,0.3013470694699332,0.09970052074862171,10.576238400562724,6.045045045045045
0.45576636330640796,0.30164684276067466,0.09994865536249219,10.594378161945729,6.036036036036036
0.4723653901728603,0.3019473626848912,0.10019777954565894,10.612490869247626,6.027027027027027
0.4882878908566688,0.3022486322224128,0.10044789873259827,10.630576522468415,6.018018018018018
0.5035172191336685,0.30255065436944634,0.10069901839582769,10.648635121608095,6.009009009009009
0.5180378179130759,0.30285343213869,0.10095114404622997,10.666666666666666,6.0
0.5318352275012426,0.3031569685594492,0.10120428123338002,10.684671157644129,5.990990990990991
0.5448960921771299,0.30346126667775336,0.10145843554587534,10.702648594540488,5.981981981981982
0.5572081650987991,0.3037663295564734,0.10171361261166982,10.720598977355735,5.972972972972973
0.5687603115624807,0.30407216027544065,0.10196981809841059,10.738522306089873,5.963963963963964
0.57954251063777,0.30437876193156627,0.10222705771377866,10.756418580742904,5.954954954954955
0.5895458552046198,0.3046861376389622,0.10248533720583272,10.774287801314827,5.945945945945946
0.5987625504197007,0.30499429052906285,0.1027446623633565,10.792129967805645,5.936936936936937
0.6071859106415256,0.30530322375074803,0.10300503901620982,10.80994508021535,5.927927927927928
0.6148103548455621,0.3056129404704668,0.10326647303568282,10.82773313854395,5.918918918918918
0.6216314005621459,0.30592344387236203,0.10352897033485421,10.84549414279144,5.90990990990991
0.6276456563716963,0.30623473715839733,0.10379253686895297,10.863228092957822,5.900900900900901
0.6328508129931454,0.3065468235484831,0.10405717863572361,10.880934989043098,5.891891891891892
0.6372456330029632,0.3068597062806057,0.1043229016757955,10.898614831047263,5.882882882882883
0.6408299392234595,0.3071733886109561,0.1045897120730556,10.916267618970322,5.873873873873873
0.6436046018202677,0.30748787381406073,0.10485761595502531,10.933893352812271,5.864864864864865
0.6455715241500797,0.307803165182913,0.10512661949324104,10.951492032573112,5.8558558558558556
0.6467336274007405,0.30811926602910594,0.10539672890363867,10.969063658252848,5.846846846846847
0.6470948340667775,0.30843617968296627,0.10566795044694213,10.986608229851473,5.837837837837838
0.6466600503043282,0.30875390949368947,0.10594029042905573,11.00412574736899,5.828828828828828
0.6454351472102029,0.30907245882947587,0.10621375520146073,11.021616210805398,5.81981981981982
0.643426941070544,0.30939183107766843,0.10648835116161609,11.039079620160699,5.8108108108108105
0.6406431726251416,0.30971202964489103,0.10676408475336303,11.056515975434895,5.801801801801802
0.6370924853940186,0.3100330579571888,0.1070409624673342,11.07392527662798,5.792792792792793
0.6327844031133315,0.3103549194601688,0.10731899084136677,11.091307523739957,5.783783783783783
0.6277293063280174,0.3106776176191428,0.10759817646091996,11.108662716770823,5.774774774774775
0.6219384081888942,0.3110011559192708,0.10787852595949705,11.125990855720584,5.7657657657657655
0.6154237295021459,0.3113255378657057,0.10816004601907145,11.143291940589238,5.756756756756757
0.6081980730792336,0.31165076698373995,0.10844274337051764,11.160565971376782,5.747747747747748
0.6002749974353487,0.31197684681895255,0.10872662479404624,11.177812948083218,5.738738738738738
0.5916687898845057,0.3123037809373582,0.10901169711964388,11.195032870708545,5.72972972972973
0.5823944390792599,0.3126315729255576,0.10929796722751775,11.212225739252766,5.7207207207207205
0.5724676070429146,0.31296022639088833,0.10958544204854447,11.229391553715878,5.711711711711712
0.5619046007418,0.3132897449615783,0.10987412856472412,11.246530314097882,5.702702702702703
0.5507223432449629,0.31362013228689967,0.1101640338096388,11.263642020398777,5.693693693693693
0.5389383445182102,0.3139513920373245,0.11045516486891604,11.280726672618563,5.684684684684685
0.5265706718990405,0.31428352790468167,0.11074752888069735,11.297784270757242,5.675675675675675
0.5136379202985201,0.3146165436023155,0.11104113303611132,11.314814814814815,5.666666666666667
0.500159182175607,0.3149504428652454,0.11133598457975231,11.331818304791277,5.657657657657658
0.48615401732882746,0.315285229450327,0.11163209081016362,11.348794740686632,5.648648648648648
0.47164242254960015,0.31562090713641544,0.11192945908032621,11.365744122500878,5.63963963963964
0.45664480118073514,0.315957479724529,0.11222809679815268,11.382666450234016,5.63063063063063
0.44118193262294336,0.3162949510380151,0.1125280114269861,11.399561723886048,5.621621621621622
0.4252749418313861,0.3166333249227175,0.11282921048610477,11.41642994345697,5.612612612612613
0.4089452688434042,0.31697260524714493,0.11313170155123178,11.433271108946784,5.603603603603603
0.39221463837777315,0.31731279590264155,0.11343549225505058,11.45008522035549,5.594594594594595
0.37510502954483677,0.3176539008035586,0.1137405902877258,11.466872277683088,5.585585585585585
0.35763864570593645,0.31799592388742776,0.11404700339742964,11.483632280929578,5.576576576576577
0.3398378845195857,0.31833886911513654,0.11435473939087426,11.50036523009496,5.5675675675675675
0.3217253082107714,0.3186827404711043,0.1146638061338495,11.517071125179232,5.558558558558558
0.3033236140987382,0.3190275419634609,0.11497421155176671,11.5337499661824,5.54954954954955
0.2846556054175682,0.31937327762422646,0.11528596363020857,11.550401753104454,5.54054054054054
0.2657441624626104,0.31971995150949295,0.11559907041548438,11.567026485945405,5.531531531531532
0.2466122140949476,0.32006756769960715,0.11591354001519212,11.583624164705245,5.5225225225225225
0.22728270963462674,0.3204161302993558,0.1162293805987859,11.600194789383979,5.513513513513513
0.20777859117248637,0.32076564343815206,0.11654660039815015,11.616738359981605,5.504504504504505
0.1881227663290525,0.3211161112702241,0.1168652077081799,11.633254876498118,5.495495495495495
0.16833808148780982,0.3214675379748048,0.11718521088736723,11.649744338933528,5.486486486486487
0.14844729552908273,0.32181992775632406,0.11750661835839463,11.666206747287829,5.4774774774774775
0.12847305408926113,0.3221732848446021,0.11782943860873421,11.68264210156102,5.468468468468468
0.10843786436917797,0.32252761349504516,0.11815368019125415,11.699050401753105,5.45945945945946
0.08836407051402065,0.3228829179888427,0.11847935172483152,11.71543164786408,5.45045045045045
0.068273829585958,0.3232392026331666,0.1188064618949718,11.731785839893949,5.441441441441442
0.04818908814950946,0.32359647176137213,0.11913501945443548,11.748112977842707,5.4324324324324325
0.028131559488288795,0.32395472973320094,0.11946503322387143,11.764413061710359,5.423423423423423
0.00812270147069406,0.3243139809349858,0.1197965120924573,11.780686091496904,5.414414414414415
-0.011816304919257167,0.32467422977985755,0.12012946501854727,11.796932067202336,5.405405405405405
-0.03166457637093774,0.3250354807079534,0.1204639010303266,11.813150988826665,5.396396396396397
-0.05140154734207652,0.32539773818662826,0.120799829226474,11.829342856369884,5.387387387387387
-0.07100698944721873,0.3257610067106668,0.12113725877683085,11.845507669831994,5.378378378378378
-0.09046103012818624,0.3261252908024986,0.1214761989230783,11.861645429212999,5.36936936936937
-0.1097441705963709,0.3264905950124147,0.12181665897942193,11.87775613451289,5.36036036036036
-0.1288373030379075,0.3268569239187864,0.12215864833328378,11.893839785731679,5.351351351351352
-0.14772172707371478,0.3272242821282866,0.12250217644600271,11.909896382869356,5.342342342342342
-0.16637916546788856,0.3275926742761121,0.12284725285354202,11.925925925925926,5.333333333333333
-0.18479177907869265,0.32796210502620937,0.12319388716720552,11.94192841490139,5.324324324324325
-0.20294218104776096,0.32833257907150165,0.12354208907436162,11.95790384979574,5.315315315315315
-0.22081345022416976,0.3287041011341185,0.12389186833917536,11.973852230608987,5.306306306306307
-0.23838914382091853,0.32907667596562756,0.12424323480334916,11.989773557341124,5.297297297297297
-0.2556533093027551,0.32945030834726846,0.12459619838687154,12.005667829992154,5.288288288288288
-0.2725904955049546,0.3298250030901891,0.12495076908877467,12.021535048562077,5.2792792792792795
-0.2891857629838965,0.3302007650356841,0.1253069569879006,12.037375213050886,5.27027027027027
-0.3054246936012035,0.33057759905543566,0.12566477224367584,12.053188323458594,5.261261261261262
-0.3212933993440413,0.3309555100517569,0.1260242250968954,12.06897437978519,5.252252252252252
-0.3367785303853566,0.3313345029578371,0.12638532587051515,12.084733382030679,5.243243243243243
-0.3518672823884621,0.33171458273798976,0.1267480849704539,12.10046533019506,5.2342342342342345
-0.36654740306142175,0.33209575438790306,0.12711251288640427,12.116170224278331,5.225225225225225
-0.3808071979675041,0.33247802293489254,0.12747862019265305,12.131848064280497,5.216216216216217
-0.39463553559871667,0.33286139343815635,0.12784641754891124,12.147498850201552,5.207207207207207
-0.40802185172035427,0.33324587098903324,0.12821591570115315,12.163122582041503,5.198198198198198
-0.4209561529950996,0.33363146071126254,0.12858712548246573,12.178719259800342,5.1891891891891895
-0.4334290198961035,0.33401816776124743,0.12896005781390768,12.194288883478073,5.18018018018018
-0.44543160891903694,0.33440599732832005,0.1293347237053781,12.209831453074695,5.171171171171172
-0.4569556541038702,0.3347949546350101,0.12971113425649602,12.225346968590209,5.162162162162162
-0.46799346787773954,0.3351850449373149,0.13008930065748933,12.240835430024621,5.153153153153153
-0.4785379412308537,0.3355762735249735,0.13046923419009473,12.25629683737792,5.1441441441441444
-0.48858254323805916,0.3359686457217425,0.13085094622846813,12.271731190650112,5.135135135135135
-0.4981213199390978,0.3363621668856751,0.1312344482401052,12.28713848984119,5.126126126126127
-0.5071488925912513,0.3367568424094027,0.13161975178677354,12.30251873495117,5.117117117117117
-0.5156604553084253,0.33715267772041935,0.13200686852545518,12.317871925980036,5.108108108108108
-0.5236517721013476,0.3375496782813693,0.1323958102093003,12.333198062927794,5.099099099099099
-0.5311191733337978,0.33794784959033725,0.13278658868859267,12.348497145794443,5.09009009009009
-0.5380595516103374,0.33834719718114115,0.13317921591172574,12.363769174579984,5.081081081081082
-0.5444703571113068,0.33874772662362884,0.1335737039261911,12.379014149284417,5.072072072072072
-0.5503495923912135,0.3391494435239767,0.13397006487957797,12.394232069907748,5.063063063063063
-0.5556958066569443,0.3395523535249919,0.134368311020585,12.409422936449964,5.054054054054054
-0.5605080895425486,0.3399564623064177,0.13476845470004412,12.424586748911075,5.045045045045045
-0.5647860643975258,0.3403617755852414,0.1351705083719563,12.439723507291074,5.036036036036037
-0.568529881105868,0.34076829911600615,0.13557448459454005,12.454833211589971,5.027027027027027
-0.5717402084532172,0.34117603869112517,0.13598039603129222,12.469915861807754,5.018018018018018
-0.5744182260597634,0.3415850001411995,0.13638825545206165,12.484971457944432,5.009009009009009
-0.576565615896556,0.3419951893353394,0.13679807573413574,12.5,5.0
-0.5781845534031109,0.3424066121814881,0.13720986986333997,12.515001487974459,4.9909909909909915
-0.579277698224229,0.34281927462674977,0.1376236509351509,12.529975921867813,4.981981981981982
-0.5798481845840365,0.3432331826577204,0.13803943215582232,12.54492330168006,4.972972972972973
-0.5798996113153035,0.34364834230082203,0.13845722684352535,12.559843627411198,4.963963963963964
-0.5794360315621038,0.34406475962264094,0.1388770484295023,12.574736899061225,4.954954954954955
-0.5784619421738874,0.3444824407302684,0.13929891045923418,12.589603116630142,4.9459459459459465
-0.5769822728090062,0.3449013917716461,0.13972282659362303,12.604442280117958,4.936936936936937
-0.5750023747656904,0.34532161893591407,0.14014881061018813,12.619254389524661,4.927927927927928
-0.5725280095583931,0.34574312845376287,0.14057687640427718,12.634039444850256,4.918918918918919
-0.5695653372573435,0.3461659265977895,0.1410070379902922,12.648797446094743,4.90990990990991
-0.5661209046090286,0.3465900196828563,0.1414393095029303,12.663528393258122,4.9009009009009015
-0.5622016329551979,0.34701541406645453,0.14187370519843995,12.678232286340393,4.891891891891892
-0.5578148059678302,0.347442116149071,0.14231023945589252,12.692909125341558,4.882882882882883
-0.5529680572173504,0.34787013237455894,0.14274892677846962,12.707558910261614,4.873873873873874
-0.5476693575911729,0.34829946923051275,0.14318978179476632,12.722181641100562,4.864864864864865
-0.5419270025794743,0.3487301332486464,0.14363281926011034,12.736777317858397,4.855855855855856
-0.5357495994448562,0.3491621310051762,0.14407805405789795,12.751345940535131,4.846846846846847
-0.5291460542923627,0.34959546912120726,0.14452550120094598,12.765887509130753,4.837837837837838
-0.5221255590559989,0.3500301542631243,0.14497517583286113,12.78040202364527,4.828828828828829
-0.5146975784177363,0.3504661931429864,0.1454270932294261,12.794889484078674,4.81981981981982
-0.5068718366746072,0.35090359251892617,0.145881268800003,12.809349890430973,4.8108108108108105
-0.49865830456930493,0.3513423591955528,0.1463377180889544,12.82378324270216,4.801801801801802
-0.4900671860993063,0.3517825000243599,0.1467964567770825,12.838189540892245,4.792792792792793
-0.4811089053193387,0.3522240219041371,0.14725750068308552,12.852568785001218,4.783783783783784
-0.4717940931515515,0.3526669317813867,0.14772086576503363,12.866920975029084,4.774774774774775
-0.46213357421757095,0.35311123665074406,0.14818656812186234,12.881246110975841,4.7657657657657655
-0.4521383537061551,0.35355694355540324,0.14865462399488544,12.895544192841491,4.756756756756757
-0.44181960428989414,0.35400405958754677,0.14912504976932706,12.909815220626033,4.747747747747748
-0.43118865310400234,0.3544525918887798,0.1495978619758728,12.924059194329466,4.738738738738739
-0.42025696879991054,0.3549025476505699,0.15007307729224095,12.93827611395179,4.72972972972973
-0.40903614868598553,0.35535393411469035,0.15055071254477337,12.952465979493006,4.7207207207207205
-0.3975379059673305,0.3558067585736693,0.15103078471004697,12.966628790953113,4.711711711711712
-0.38577405709623425,0.35626102837124324,0.15151331091650572,12.980764548332118,4.702702702702703
-0.37375650924449255,0.3567167509028154,0.15199830844611326,12.99487325163001,4.693693693693694
-0.3614972479083208,0.35717393361591965,0.15248579473602722,13.008954900846794,4.684684684684685
-0.34900832465637177,0.35763258401068854,0.15297578738029452,13.02300949598247,4.675675675675675
-0.3363018450307853,0.35809270964032747,0.1534683041315689,13.037037037037038,4.666666666666667
-0.3233899566109335,0.3585543181115935,0.15396336290285056,13.051037524010498,4.657657657657658
-0.31028483724905165,0.3590174170852792,0.15446098176924797,13.06501095690285,4.648648648648649
-0.29699868348658653,0.3594820142767027,0.15496117896976305,13.078957335714094,4.63963963963964
-0.28354369915967775,0.359948117456202,0.15546397290909889,13.09287666044423,4.63063063063063
-0.2699320842017783,0.3604157344496356,0.15596938215949138,13.106768931093253,4.621621621621622
-0.2561760236510195,0.36088487313888856,0.15647742546256493,13.120634147661175,4.612612612612613
-0.2422876768695993,0.3613555414623835,0.15698812173121157,13.134472310147988,4.603603603603604
-0.2282791669819138,0.3618277474155983,0.15750149005149572,13.148283418553689,4.594594594594595
-0.21416257053791937,0.36230149905158865,0.15801754968458284,13.162067472878284,4.585585585585585
-0.19994990740776922,0.3627768044815168,0.1585363200686943,13.175824473121772,4.576576576576577
-0.18565313091330113,0.36325367187518665,0.1590578208210876,13.18955441928415,4.5675675675675675
-0.17128411820167733,0.36373210946158385,0.15958207174006242,13.20325731136542,4.558558558558559
-0.15685466086602254,0.364212125529423,0.16010909280699384,13.216933149365582,4.54954954954955
-0.1423764558175581,0.3646937284277002,0.16063890418839172,13.230581933284636,4.54054054054054
-0.12786109641332644,0.36517692656625206,0.16117152623798794,13.24420366312258,4.531531531531532
-0.11332006384324717,0.3656617284163216,0.16170697949885135,13.257798338879422,4.5225225225225225
-0.09876471877992815,0.3661481425111294,0.16224528470553035,13.271365960555151,4.513513513513514
-0.08420629329413293,0.3666361774464524,0.16278646278622483,13.284906528149772,4.504504504504505
-0.06965588303868263,0.36712584188120834,0.16333053486498644,13.298420041663285,4.495495495495495
-0.055124439703018994,0.36761714453804745,0.1638775222639488,13.311906501095692,4.486486486486487
-0.04062276374043796,0.3681100942039507,0.1644274465055876,13.325365906446988,4.4774774774774775
-0.02616149736956762,0.3686046997308347,0.16498032931501064,13.338798257717178,4.468468468468469
-0.011751117851453946,0.3691009700361639,0.16553619262227953,13.352203554906257,4.45945945945946
0.002598068956842453,0.3695989141035694,0.16609505856476192,13.36558179801423,4.45045045045045
0.01687593477142239,0.37009854098347494,0.16665694948951607,13.378932987041093,4.441441441441442
0.03107253477320497,0.3705998597937309,0.1672218879557078,13.392257121986852,4.4324324324324325
0.04517811322197235,0.3711028797202539,0.16778989673705977,13.405554202851501,4.423423423423424
0.059183108793102984,0.3716076100176758,0.16836099882433472,13.418824229635042,4.414414414414415
0.0730781596374897,0.3721140600099985,0.16893521742785209,13.432067202337473,4.405405405405405
0.08685410816548965,0.3726222390912577,0.16951257598003935,13.445283120958797,4.396396396396396
0.10050200555596443,0.37313215672619315,0.1700930981380182,13.458471985499013,4.387387387387387
0.11401311599178932,0.373643822450928,0.17067680778622632,13.471633795958121,4.378378378378379
0.12737892062342868,0.37415724587365484,0.17126372903907497,13.48476855233612,4.36936936936937
0.14059112126242204,0.37467243667533073,0.17185388624364342,13.497876254633011,4.36036036036036
0.15364164380687953,0.37518940461037975,0.17244730398241057,13.510956902848793,4.351351351351351
0.16652264140131073,0.3757081595074041,0.17304400707602427,13.524010496983472,4.342342342342342
0.1792264973332994,0.3762287112699037,0.17364402058610934,13.537037037037038,4.333333333333334
0.1917458276698503,0.376751069877004,0.17424736981811434,13.550036523009496,4.324324324324325
0.20407348363628353,0.3772752453841925,0.17485408032419775,13.563008954900848,4.315315315315315
0.21620255374087263,0.3778012479240638,0.17546417790615512,13.575954332711088,4.306306306306306
0.228126365648607,0.378329087707074,0.17607768861838663,13.588872656440225,4.297297297297297
0.23983848780750594,0.3788587750223039,0.1766946387709064,13.601763926088251,4.288288288288289
0.25133273083129354,0.3793903202382309,0.17731505493239416,13.614628141655169,4.2792792792792795
0.2626031486422014,0.37992373380351013,0.17793896393328953,13.62746530314098,4.27027027027027
0.2736440393779471,0.380459026247766,0.17856639286893033,13.64027541054568,4.261261261261261
0.2844499460670599,0.3809962081823917,0.17919736910273504,13.653058463869275,4.252252252252252
0.2950156570768,0.3815352903013597,0.17983192026943062,13.665814463111762,4.243243243243244
0.3053362063381527,0.38207628338204086,0.18047007427832565,13.67854340827314,4.2342342342342345
0.3154068733524002,0.38261919828603436,0.18111185931663032,13.691245299353408,4.225225225225225
0.3252231829839467,0.383164045960007,0.18175730385282385,13.703920136352568,4.216216216216216
0.334780905044161,0.3837108374365433,0.18240643664006978,13.716567919270624,4.207207207207207
0.34407605367108285,0.384259583835005,0.18305928671968047,13.729188648107568,4.198198198198199
0.3531048865099774,0.38481029636240266,0.1837158834246309,13.741782322863404,4.1891891891891895
0.3618639036997333,0.38536298631427574,0.18437625638312327,13.754348943538133,4.18018018018018
0.3703498466702315,0.38591766507558517,0.1850404355222028,13.766888510131754,4.171171171171171
0.37855969675586687,0.3864743441216162,0.18570845107142595,13.779401022644267,4.162162162162162
0.3864906736304384,0.3870330350188926,0.1863803335665816,13.791886481075672,4.153153153153154
0.39414023356871664,0.3875937494261014,0.1870561138534663,13.804344885425966,4.1441441441441444
0.4015060675400163,0.3881564990950303,0.18773582309171397,13.816776235695155,4.135135135135135
0.4085860991391297,0.38872129587151516,0.18841949275868203,13.829180531883235,4.126126126126126
0.415378482360065,0.38928815169640063,0.1891071546533937,13.841557773990207,4.117117117117117
0.4218815992179864,0.3898570786065119,0.18979884090053864,13.85390796201607,4.108108108108109
0.4280940572248289,0.39042808873563883,0.19049458395453142,13.866231095960826,4.099099099099099
0.43401468672403953,0.391001194315532,0.19119441660363015,13.878527175824473,4.09009009009009
0.4396425380899319,0.3915764076769119,0.19189837197411574,13.890796201607012,4.081081081081081
0.44497687879711734,0.39215374125049,0.19260648353453266,13.903038173308445,4.072072072072072
0.4500171903654776,0.39273320756800345,0.19331878509999278,13.915253090928768,4.063063063063064
0.454763165186161,0.393314819263262,0.19403531083654255,13.927440954467983,4.054054054054054
0.4592147032340179,0.39389858907320846,0.19475609526559526,13.939601763926088,4.045045045045045
0.4633719086719181,0.39448452983899296,0.19548117326842954,13.951735519303085,4.036036036036036
0.4672350863523412,0.39507265450706014,0.1962105800907547,13.963842220598977,4.027027027027026
0.470804738221603,0.3956629761302505,0.19694435134734434,13.97592186781376,4.018018018018019
0.47408155963206133,0.39625550786891617,0.19768252302674016,13.987974460947434,4.009009009009009
0.47706643556758066,0.3968502629920499,0.19842513149602492,14.0,4.0
0.47976043678750946,0.39744725487842925,0.19917221350566877,14.011998484971455,3.9909909909909915
0.48216481589436794,0.3980464970177757,0.19992380619444844,14.023969915861807,3.9819819819819813
0.4842810033303857,0.3986480030119274,0.20067994709443956,14.03591429267105,3.9729729729729737
0.48611060330799244,0.3992517865760288,0.20144067413608724,14.047831615399183,3.9639639639639634
0.48765538967928096,0.39985786153973374,0.2022060256533505,14.059721884046208,3.954954954954955
0.4889173017494054,0.4004662418484257,0.20297604038892805,14.071585098612125,3.9459459459459465
0.4898984400388229,0.4010769415644531,0.203750757499562,14.083421259096934,3.9369369369369362
0.49060106199920006,0.4016899748683801,0.20453021656142284,14.095230365500637,3.9279279279279287
0.49102757768773586,0.4023053560602554,0.20531445757557862,14.107012417823231,3.9189189189189184
0.4911805454045908,0.4029230995608954,0.20610352097354553,14.118767416064713,3.90990990990991
0.4910626672980087,0.4035432199131862,0.20689744762292683,14.130495360225087,3.9009009009009015
0.4906767849416549,0.4041657317834014,0.20769627883313685,14.142196250304357,3.891891891891891
0.4900258748886054,0.40479064996253716,0.20850005636121396,14.153870086302518,3.8828828828828836
0.48911304420633184,0.4054179893676661,0.20930882241772528,14.16551686821957,3.8738738738738734
0.4879415259969436,0.4060477650433073,0.21012261967276039,14.177136596055515,3.864864864864865
0.4865146749068549,0.40667999216281625,0.21094149126202144,14.188729269810352,3.8558558558558564
0.4848359626299543,0.40731468602979176,0.2117654807930065,14.200294889484077,3.846846846846846
0.4829089734082601,0.40795186207950207,0.21259463235128975,14.2118334550767,3.8378378378378386
0.48073739953395206,0.408591535880331,0.2134289905069023,14.223344966588211,3.8288288288288284
0.4783250368565676,0.409233723135241,0.2142686003208101,14.234829424018614,3.81981981981982
0.4756757802990597,0.40987843968325866,0.2151135073514974,14.246286827367907,3.8108108108108114
0.47279361938631315,0.4105257015009782,0.21596375766165204,14.257717176636096,3.801801801801801
0.4696826337896142,0.4111755247040853,0.21681939782495702,14.269120471823175,3.7927927927927936
0.4663469888904661,0.4118279255489031,0.21768047493299164,14.280496712929144,3.7837837837837833
0.46279093136705085,0.4124829204339566,0.2185470366022395,14.291845899954009,3.774774774774775
0.45901878480653013,0.41314052590156086,0.21941913098121169,14.303168032897764,3.7657657657657664
0.4550349453462696,0.4138007586394287,0.22029680675768148,14.314463111760407,3.756756756756756
0.45084387734697906,0.4144636354823011,0.2211801131660356,14.325731136541949,3.7477477477477485
0.4464501091006673,0.4151291734136007,0.22206909999474544,14.33697210724238,3.7387387387387383
0.4418582285761682,0.41579738956710594,0.22296381759395534,14.3481860238617,3.72972972972973
0.437072879204943,0.4164683012286502,0.22386431688319688,14.35937288639991,3.7207207207207214
0.4320987557097243,0.4171419258378432,0.2247706493592262,14.370532694857019,3.711711711711711
0.4269405999784973,0.41781828098981566,0.22568286710398794,14.381665449233019,3.7027027027027035
0.4216031969861578,0.4184973844369902,0.22660102279271174,14.392771149527906,3.6936936936936933
0.41609137076615055,0.4191792540908734,0.22752516970213665,14.403849795741689,3.684684684684685
0.4104099804342573,0.4198639080238765,0.2284553617188739,14.414901387874362,3.6756756756756763
0.404563916266591,0.42055136447115843,0.2293916533479046,14.425925925925924,3.666666666666666
0.398558095833773,0.42124164183249563,0.23033409972121674,14.436923409896384,3.6576576576576585
0.39239746019319344,0.4219347586741793,0.23128275660658715,14.447893839785735,3.6486486486486482
0.38608697014108667,0.4226307337309364,0.2322376804165046,14.458837215593972,3.6396396396396398
0.3796316025261226,0.42332958590788067,0.23319892821724436,14.469753537321102,3.6306306306306313
0.3730363466261129,0.4240313342824892,0.23416655773809103,14.480642804967129,3.621621621621621
0.3663062005892999,0.42473599810660695,0.23514062738071498,14.491505018532045,3.6126126126126135
0.35944616794160916,0.42544359680848176,0.23612119622870736,14.502340178015853,3.603603603603603
0.35246125416120233,0.42615414999482465,0.23710832405727084,14.513148283418554,3.5945945945945947
0.3453564633215181,0.4268676774529032,0.2381020713430766,14.523929334740146,3.5855855855855863
0.3381367948039222,0.4275841991526624,0.23910249927428476,14.534683331980627,3.576576576576576
0.3308072400809986,0.4283037352488757,0.24010966976073328,14.545410275140005,3.5675675675675684
0.3233727795714477,0.4290263060833298,0.2411236454443018,14.556110164218275,3.558558558558558
0.31583837956741273,0.4297519321870362,0.24214448970944677,14.56678299921543,3.5495495495495497
0.30820898923502477,0.4304806342824794,0.24317226669391956,14.57742878013148,3.5405405405405412
0.30048953768888753,0.4312124332858941,0.24420704129966453,14.588047506966426,3.531531531531531
0.2926849311410692,0.4319473503095767,0.24524887920390281,14.598639179720262,3.5225225225225234
0.28480005012515014,0.4326854066642315,0.2462978468704087,14.609203798392986,3.513513513513513
0.27683974679577755,0.43342662386134806,0.24735401156097495,14.619741362984605,3.5045045045045047
0.2688088423041266,0.4341710236156168,0.24841744134707963,14.630251873495117,3.495495495495496
0.2607121242495368,0.43491862784737745,0.2494882051217514,14.640735329924517,3.486486486486486
0.2525543442075601,0.4356694586851038,0.25056637261163994,14.651191732272814,3.4774774774774784
0.24434021533462214,0.436423538467927,0.25165201438929813,14.661621080540002,3.468468468468468
0.23607441004932475,0.4371808897481924,0.2527452018856737,14.672023374726077,3.4594594594594597
0.227761557790444,0.43794153529405844,0.25384600740282237,14.68239861483105,3.4504504504504503
0.21940624285161547,0.43870549809213033,0.2549545041268401,14.692746800854907,3.441441441441441
0.21101300229250733,0.4394728013501353,0.2560707661410236,14.703067932797662,3.4324324324324333
0.20258632392643594,0.4402434684996372,0.2571948684392617,14.713362010659306,3.423423423423423
0.19413064438407623,0.44101752319879045,0.2583268869396608,14.723629034439845,3.4144144144144146
0.18565034725307783,0.4417949893351373,0.2594668984984139,14.733869004139276,3.4054054054054053
0.17714976129317828,0.4425758910284452,0.260614980923912,14.744081919757594,3.396396396396396
0.16863315872643891,0.4433602526335881,0.2617712129911077,14.754267781294809,3.3873873873873883
0.16010475360218734,0.44414809874347144,0.2629356744561351,14.764426588750915,3.378378378378378
0.1515687002360988,0.4449394541919997,0.26410844607118694,14.77455834212591,3.3693693693693696
0.1430290917229144,0.4457343440570914,0.26528960959966297,14.784663041419801,3.3603603603603602
0.13448995852220927,0.44653279366373816,0.26647924783158566,14.794740686632577,3.351351351351351
0.12595526711650015,0.4473348285871113,0.2676774445992956,14.804791277764252,3.3423423423423433
0.11742891874112316,0.4481404746557165,0.2688842847934299,14.814814814814813,3.333333333333333
0.10891474818500722,0.44894975795459474,0.270099854379187,14.82481129778427,3.3243243243243246
0.10041652266172817,0.4497627048285755,0.2713242404128906,14.83478072667262,3.315315315315315
0.09193794074991607,0.45057934188557786,0.27255753105885094,14.844723101479858,3.306306306306306
0.08348263140223654,0.45139969599996355,0.27379981560653516,14.85463842220599,3.2972972972972983
0.07505415302207369,0.45222379431594256,0.2750511844880527,14.864526688851015,3.288288288288288
0.06665599260696715,0.4530516642510301,0.2763117292959579,14.874387901414927,3.2792792792792795
0.058291564957879544,0.45388333349955956,0.2775815428013835,14.884222059897738,3.27027027027027
0.04996421195337511,0.45471883003624886,0.2788607189725062,14.894029164299432,3.261261261261261
0.041677201887586085,0.4555581821198233,0.2801493529933538,14.903809214620026,3.2522522522522532
0.03343372887111433,0.45640141829669634,0.28144754128296273,14.913562210859507,3.243243243243243
0.02523691229364476,0.4572485674047059,0.2827553815148877,14.923288153017882,3.2342342342342345
0.017089796347341753,0.458099658576913,0.2840729726370801,14.932987041095151,3.225225225225225
0.008995349609848893,0.45895472124545816,0.28540041489213364,14.942658875091306,3.216216216216216
0.0009564646857888493,0.45981378514548044,0.2867378098379118,14.952303655006357,3.207207207207208
-0.007024042094304284,0.4606768803190989,0.28808526036856325,14.961921380840302,3.198198198198198
-0.014943430918854762,0.4615440371194566,0.28944287073593034,14.971512052593134,3.1891891891891895
-0.02279903868504284,0.4624152862148315,0.29081074657136713,14.981075670264861,3.18018018018018
-0.030588279134673838,0.4632906585928119,0.29218899490796657,14.990612233855476,3.1711711711711708
-0.03830864293739102,0.4641701855645394,0.29357772420321276,15.000121743364987,3.162162162162163
-0.04595769772233241,0.4650538987690219,0.29497704436206534,15.009604198793387,3.153153153153153
-0.05353308805955501,0.4659418301775145,0.29638706676048193,15.01905960014068,3.1441441441441444
-0.06103253539234055,0.4668340120979736,0.2978079042693969,15.02848794740687,3.135135135135135
-0.0684538379216758,0.4677304771795824,0.29923967127915646,15.03788924059194,3.1261261261261257
-0.07579487044416591,0.46863125841735104,0.3006824837244274,15.047263479695914,3.117117117117118
-0.08305358414448744,0.46953638915679285,0.3021364591095884,15.056610664718775,3.108108108108108
-0.09022800634381055,0.47044590309867573,0.30360171653461043,15.065930795660524,3.0990990990990994
-0.09731624020529653,0.4713598343038544,0.3050783767214451,15.075223872521171,3.09009009009009
-0.10431646439793754,0.47227821719818075,0.30656656204092436,15.084489895300704,3.0810810810810807
-0.11122693272007562,0.4732010865774965,0.3080663965401882,15.093728863999136,3.072072072072073
-0.11804597368370125,0.4741284776127098,0.3095780059706517,15.102940778616453,3.063063063063063
-0.12477199006093471,0.4750604258549546,0.31110151781651885,15.112125639152666,3.0540540540540544
-0.1314034583937888,0.47599696724083884,0.31263706132386454,15.121283445607771,3.045045045045045
-0.13793892846854858,0.476938138097779,0.3141847675302877,15.130414197981764,3.0360360360360357
-0.14437702275597702,0.4778839751494257,0.3157447692951561,15.139517896274654,3.027027027027028
-0.15071643581852842,0.478834515521181,0.31731720133045427,15.148594540486434,3.018018018018018
-0.1569559336858736,0.4797897967458075,0.31890220023224325,15.157644130617102,3.0090090090090094
-0.16309435319988794,0.4807498567691362,0.3204999045127574,15.166666666666668,3.0
-0.16913060133031196,0.481714733955868,0.32211045463314064,15.17566214863512,2.9909909909909906
-0.17506365446234917,0.48268446709547735,0.3237339930368457,15.18463057652247,2.981981981981983
-0.18089255765727297,0.48365909540821617,0.325370664183709,15.193571950328705,2.972972972972973
-0.186616423887362,0.48463865855122,0.3270206145847137,15.202486270053837,2.9639639639639643
-0.1922344332461917,0.4856231966247219,0.3286839928374642,15.211373535697861,2.954954954954955
-0.19774583213554886,0.4866127501783722,0.3303609496623811,15.220233747260773,2.9459459459459456
-0.20314993243006169,0.48760736021766815,0.3320516379396389,15.22906690474258,2.936936936936938
-0.20844611062065882,0.48860706821049754,0.3337562127468629,15.23787300814328,2.9279279279279278
-0.21363380693803272,0.48961191609379323,0.335474831397599,15.246652057462867,2.9189189189189193
-0.21871252445717249,0.49062194628030803,0.3372076534805832,15.255404052701351,2.90990990990991
-0.22368182818404062,0.49163720166550623,0.33895484089982103,15.264128993858723,2.9009009009009006
-0.22854134412553254,0.4926577256345776,0.3407165579155021,15.27282688093499,2.891891891891893
-0.23329075834369883,0.49368356206957653,0.3424929711857687,15.281497713930145,2.8828828828828827
-0.23792981599535096,0.4947147553566849,0.3442842498093543,15.290141492844196,2.8738738738738743
-0.24245832035801304,0.49575135039360857,0.3460905653691229,15.298758217677138,2.864864864864865
-0.24687613184328422,0.496793392597102,0.3479120919765194,15.307347888428968,2.8558558558558556
-0.2511831669985863,0.4978409279106303,0.3497490063169616,15.315910505099694,2.846846846846848
-0.2553793974982516,0.49889400281216867,0.35160148769619504,15.324446067689312,2.8378378378378377
-0.25946484912496554,0.4999526643221407,0.35346971808762806,15.33295457619782,2.8288288288288292
-0.2634396007424675,0.5010169600115032,0.35535388218068276,15.341436030625221,2.81981981981982
-0.26730378326043697,0.5020869380099753,0.35725416743017474,15.349890430971511,2.8108108108108105
-0.27105757859251134,0.5031626470144186,0.3591707641067552,15.358317777236698,2.801801801801803
-0.2747012186082617,0.504244136297371,0.36110386534843986,15.36671806942077,2.7927927927927927
-0.27823498408008107,0.5053314557157346,0.3630536672132461,15.37509130752374,2.783783783783784
-0.2816592036257478,0.5064246557196267,0.3650203687329776,15.383437491545601,2.774774774774775
-0.28497425264757353,0.5075237873613908,0.36700417196817187,15.39175662148635,2.7657657657657655
-0.2881805522689277,0.5086289023047769,0.3690052820642497,15.400048697345996,2.756756756756758
-0.2912785682688983,0.5097400528342911,0.37102390730889384,15.408313719124532,2.7477477477477477
-0.2942688100159397,0.5108572918647187,0.37306025919068264,15.416551686821956,2.738738738738739
-0.29715182940121265,0.5119806729508275,0.3751145524590221,15.424762600438278,2.72972972972973
-0.2999282197723586,0.5131102502972507,0.37718700518539616,15.432946459973486,2.7207207207207205
-0.3025986148684823,0.5142460787685568,0.37927783882597854,15.441103265427591,2.711711711711713
-0.3051636877569665,0.5153882138995107,0.3813872782856379,15.449233016800582,2.7027027027027026
-0.3076241497728902,0.5165367119055263,0.3835155519833673,15.457335714092471,2.693693693693694
-0.3099807494616283,0.5176916296933212,0.3856628919191855,15.465411357303251,2.684684684684685
-0.31223427152535593,0.5188530248717713,0.38782953374253615,15.473459946432918,2.6756756756756754
-0.3143855357740473,0.5200209557629761,0.39001571682223213,15.481481481481483,2.666666666666666
-0.3164353960815632,0.5211954814135338,0.3922216843179813,15.489475962448937,2.6576576576576576
-0.31838473934746725,0.5223766616060355,0.39444768325353685,15.497443389335281,2.648648648648649
-0.32023448446510333,0.5235645568707807,0.396693964591513,15.50538376214052,2.6396396396396398
-0.32198558129649535,0.5247592284977203,0.39896078330991064,15.513297080864646,2.6306306306306304
-0.3236390096546309,0.5259607385486311,0.40124839848039906,15.521183345507671,2.621621621621621
-0.3251957782936027,0.5271691498695301,0.4035570733483989,15.529042556069582,2.6126126126126126
-0.32665692390716505,0.5283845261033301,0.4058870754150147,15.536874712550388,2.603603603603604
-0.3280235101361327,0.5296069317027451,0.408238676520866,15.544679814950086,2.5945945945945947
-0.32929662658512737,0.5308364319434502,0.4106121529318674,15.552457863268673,2.5855855855855854
-0.3304773878491106,0.5320730929375019,0.413007785427012,15.560208857506156,2.576576576576576
-0.3315669325501178,0.5333169816470253,0.4154258593882092,15.567932797662529,2.5675675675675675
-0.3325664223846392,0.5345681658981749,0.4178666648922352,15.575629683737791,2.558558558558559
-0.33347704118202326,0.5358267143953729,0.42033049680485074,15.58329951573195,2.5495495495495497
-0.3342999939742874,0.5370926967358354,0.42281765487714695,15.590942293644995,2.5405405405405403
-0.33503650607772395,0.5383661834243901,0.42532844384418017,15.598558017476936,2.531531531531531
-0.335687822186617,0.5396472458885949,0.4278631735259574,15.606146687227767,2.5225225225225225
-0.3362552054794423,0.5409359564941622,0.43042215893083857,15.613708302897491,2.513513513513514
-0.33673993673784497,0.5422323885606977,0.4330057203614204,15.62124286448611,2.5045045045045047
-0.3371433134787098,0.5435366163777615,0.4356141835229713,15.628750371993613,2.4954954954954953
-0.33746664909962626,0.5448487152212586,0.43824787963449063,15.636230825420014,2.486486486486486
-0.3377112720379972,0.5461687613701659,0.44090714554246113,15.643684224765307,2.4774774774774775
-0.3378785249440861,0.547496832123607,0.4435923238373749,15.651110570029488,2.468468468468469
-0.3379697638682345,0.5488330058182795,0.4463037629731063,15.658509861212565,2.4594594594594597
-0.3379863574624831,0.5501773618462451,0.4490418173892147,15.66588209831453,2.4504504504504503
-0.33792968619683644,0.5515299806730927,0.4518068476362605,15.67322728133539,2.441441441441441
-0.33780114159036184,0.5528909438564814,0.454599220504218,15.680545410275139,2.4324324324324325
-0.3376021254573377,0.5542603340650749,0.4574193091540765,15.687836485133783,2.423423423423424
-0.337334049168625,0.5556382350978746,0.46026749325271693,15.695100505911318,2.4144144144144146
-0.33699833292844716,0.5570247319039637,0.46314415911116086,15.702337472607741,2.4054054054054053
-0.33659640506673477,0.5584199106026722,0.4660496998262903,15.709547385223061,2.396396396396396
-0.3361297013471884,0.5598238585041704,0.4689845154261352,15.716730243757272,2.3873873873873874
-0.3355996642912067,0.5612366641305083,0.4719490130188364,15.723886048210373,2.378378378378379
-0.3350077425178077,0.5626584172371039,0.474943606945388,15.731014798582368,2.3693693693693696
-0.3343553900996645,0.5640892088346977,0.4779687189362705,15.73811649487325,2.3603603603603602
-0.33364406593537443,0.5655291312117842,0.4810247782720923,15.74519113708303,2.351351351351351
-0.33287523313805567,0.5669782779575306,0.48411222194835307,15.752238725211697,2.3423423423423424
-0.3320503584403778,0.5684367439851987,0.48723149484445594,15.75925925925926,2.333333333333334
-0.33117091161610296,0.569904625556078,0.49038304989709025,15.766252739225713,2.3243243243243246
-0.33023836491822517,0.571382020303948,0.4935673482781185,15.773219165111055,2.315315315315315
-0.329254192533773,0.5728690272600819,0.4967848595771024,15.780158536915295,2.306306306306306
-0.3282198700553427,0.5743657468788047,0.5000360619886064,15.787070854638424,2.2972972972972974
-0.3271368739694207,0.5758722810636214,0.5033214425044249,15.793956118280443,2.288288288288289
-0.32600668116154513,0.5773887331939305,0.5066414971108796,15.800814327841357,2.2792792792792795
-0.3248307684383527,0.5789152081523361,0.5099967309913437,15.807645483321158,2.27027027027027
-0.323610612066551,0.580451812352579,0.5133876587341536,15.814449584719855,2.261261261261261
-0.3223476873288521,0.581998653768098,0.516814804546071,15.82122663203744,2.2522522522522523
-0.3210434680968963,0.583555841961242,0.5202787024714686,15.827976625273923,2.243243243243244
-0.31969942642119503,0.5851234881131493,0.5237798966174158,15.834699564429295,2.2342342342342345
-0.31831703213811263,0.5867017050543102,0.5273189413848456,15.841395449503556,2.225225225225225
-0.31689775249390817,0.5882906072958357,0.5308964017059982,15.848064280496713,2.216216216216216
-0.31544305178585325,0.589890311061447,0.5345128532883314,15.854706057408762,2.2072072072072073
-0.31395439102043926,0.5915009343202082,0.5381688828651073,15.861320780239698,2.198198198198199
-0.3124332275886853,0.5931225968200222,0.5418650884528596,15.867908448989532,2.1891891891891895
-0.3108810149585618,0.5947554201219086,0.5456020796159657,15.874469063658251,2.18018018018018
-0.3092992023845296,0.5963995276350894,0.5493804777385471,15.881002624245868,2.1711711711711708
-0.307689234634216,0.5980550446529008,0.5532009163039332,15.887509130752372,2.1621621621621623
-0.3060525517322226,0.5997220983895571,0.5570640411819315,15.893988583177771,2.153153153153154
-0.30439058872108643,0.6014008180177887,0.5609705109241557,15.900440981522063,2.1441441441441444
-0.30270477543939645,0.6030913347073782,0.5649209970676706,15.906866325785243,2.135135135135135
-0.3009965363170761,0.6047937816646238,0.5689161844472309,15.91326461596732,2.1261261261261257
-0.2992672901878534,0.6065082941727515,0.5729567715163865,15.919635852068286,2.1171171171171173
-0.297518450118922,0.6082350096333066,0.5770434706777521,15.925980034088141,2.108108108108109
-0.2957514232578204,0.6099740676085496,0.581177008622738,15.932297162026893,2.0990990990990994
-0.2939676106965521,0.6117256098648881,0.5853581266810567,15.938587235884532,2.09009009009009
-0.2921684073529596,0.6134897804173736,0.589587581180333,15.944850255661066,2.0810810810810807
-0.29035520186940394,0.6152667255752922,0.5938661438161514,15.95108622135649,2.0720720720720722
-0.28852937652876265,0.6170565939888847,0.5981946020328923,15.957295132970808,2.0630630630630638
-0.28669230718780636,0.618859536697226,0.6025737594157199,15.963476990504018,2.0540540540540544
-0.2848453632279909,0.6206757071772979,0.6070044360940974,15.969631793956117,2.045045045045045
-0.2829899075237213,0.6225052613942931,0.611487469157226,15.975759543327111,2.0360360360360357
-0.2811272964281575,0.6243483578531843,0.6160237130818085,15.981860238616997,2.027027027027027
-0.2792588797766228,0.6262051576515978,0.6206140401725654,15.987933879825771,2.0180180180180187
-0.2773860009076983,0.6280758245340282,0.6252593410159383,15.993980466953442,2.0090090090090094
-0.27550999670210413,0.6299605249474366,0.6299605249474366,15.999999999999998,2.0
-0.2736321976394435,0.6318594280982739,0.6347185205331078,16.005992478965453,1.9909909909909906
-0.27175392787295455,0.6337727060109712,0.6395342760656166,16.01195790384979,1.9819819819819813
-0.2698765053223538,0.6357005335879423,0.644408760075448,16.017896274653033,1.9729729729729737
-0.2680012417849568,0.6376430886711462,0.6493429618577725,16.02380759137516,1.9639639639639643
-0.2661294430651725,0.6396005521052529,0.6543378920155122,16.02969185401618,1.954954954954955
-0.264262409122583,0.6415731078024686,0.6593945830192038,16.035549062576088,1.9459459459459456
-0.26240143423876133,0.6435609428090652,0.6645140897842436,16.041379217054896,1.936936936936938
-0.26054780720304305,0.6455642473736735,0.669697490266147,16.047182317452588,1.9279279279279287
-0.2587028115174432,0.6475832150173875,0.6749458860744599,16.05295836376918,1.9189189189189193
-0.25686772562098725,0.6496180426057444,0.6802604031060153,16.058707356004653,1.90990990990991
-0.2550438231336695,0.6516689304226359,0.6856421921982235,16.064429294159027,1.9009009009009006
-0.25323237312035535,0.6537360822462102,0.6910924298031367,16.070124178232284,1.8918918918918912
-0.2514346403748818,0.6558197054268332,0.696612318683048,16.07579200822444,1.8828828828828819
-0.24965188572471925,0.6579200109671691,0.7022030886284206,16.081432784135487,1.8738738738738743
-0.24788536635650305,0.6600372136044552,0.7078659971989809,16.087046505965425,1.864864864864865
-0.2461363361628297,0.662171531895033,0.7136023304888219,16.092633173714255,1.8558558558558556
-0.2444060461107065,0.6643231883012178,0.7194134039164403,16.09819278738198,1.846846846846848
-0.24269574463208993,0.6664924092805812,0.7253005630406328,16.103725346968588,1.8378378378378368
-0.2410066780369562,0.6686794253777151,0.7312651844032152,16.1092308524741,1.8288288288288292
-0.239340090949428,0.6708844713185804,0.7373086763996279,16.114709303898493,1.8198198198198199
-0.23769722676743782,0.6731077861075025,0.7434324801784357,16.120160701241783,1.8108108108108105
-0.23607932814653734,0.6753496131269185,0.7496380705708798,16.12558504450396,1.8018018018018012
-0.23448763750841645,0.677610200239961,0.7559269570516152,16.130982333685033,1.7927927927927918
-0.2329233975747981,0.6798897998959745,0.76230068473185,16.136352568785004,1.7837837837837842
-0.23138785192738398,0.6821886692390676,0.7687608353861574,16.14169574980386,1.7747747747747749
-0.22988224559456652,0.6845070702197953,0.775309028514258,16.147011876741608,1.7657657657657655
-0.22840782566571544,0.686845269710089,0.7819469224391776,16.15230094959825,1.756756756756758
-0.22696584193383487,0.6892035396215405,0.7886762154432064,16.157562968373778,1.7477477477477468
-0.22555754756748506,0.6915821570271498,0.7954986469431461,16.162797933068205,1.7387387387387392
-0.22418419981291252,0.6939814042866741,0.8024159987064668,16.16800584368152,1.7297297297297298
-0.22284706072736055,0.6964015691756806,0.8094300961099534,16.173186700213726,1.7207207207207205
-0.22154739794464332,0.6988429450184531,0.8165428094426138,16.178340502664824,1.711711711711711
-0.22028648547409058,0.7013058308248766,0.8237560552546174,16.18346725103482,1.7027027027027017
-0.21906560453407078,0.7037905314314444,0.8310717977541522,16.188566945323704,1.6936936936936942
-0.21788604442134127,0.7062973576465368,0.8384920502541773,16.193639585531475,1.6846846846846848
-0.21674910341758996,0.708826626400117,0.8460188766711073,16.198685171658145,1.6756756756756754
-0.21565608973459735,0.7113786608980123,0.853654393077614,16.203703703703706,1.6666666666666679
-0.214608322499518,0.7139537907809438,0.8614007693117913,16.208695181668155,1.6576576576576567
-0.2136071327819069,0.7165523522884676,0.8692602306450259,16.2136596055515,1.6486486486486491
-0.21265386466419944,0.7191746884280287,0.8772350595111117,16.21859697535373,1.6396396396396398
-0.2117498763574405,0.7218211491492903,0.8853275972991296,16.22350729107486,1.6306306306306304
-0.210896541364211,0.7244920915239541,0.893540246212877,16.228390552714874,1.621621621621621
-0.21009524969075644,0.7271878799312649,0.9018754711996698,16.233246760273786,1.6126126126126117
-0.20934740911052094,0.7299088862494153,0.9103358019515175,16.23807591375159,1.603603603603604
-0.20865444648134598,0.7326554900530751,0.9189238349818228,16.24287801314828,1.5945945945945947
-0.20801780911878653,0.7354280788172696,0.9276422357808741,16.247653058463868,1.5855855855855854
-0.2074389662281289,0.7382270481278576,0.9364937410536243,16.25240104969835,1.5765765765765778
-0.20691941039784267,0.7410528018988587,0.945481161043372,16.257121986851715,1.5675675675675667
-0.20646065915736808,0.7439057525968841,0.9546073819451342,16.26181586992398,1.558558558558559
-0.2060642566023513,0.7467863214729675,0.9638753684127834,16.26648269891513,1.5495495495495497
-0.20573177509056328,0.749694938802058,0.9732881661640752,16.271122473825177,1.5405405405405403
-0.20546481701201286,0.7526320441304967,0.9828489046880606,16.27573519465411,1.531531531531531
-0.205265016636916,0.7555980865317804,0.9925608000594991,16.28032086140194,1.5225225225225216
-0.20513404204545813,0.7585935248709432,1.0024271578651747,16.284879474068667,1.513513513513514
-0.20507359714350196,0.7616188280779035,1.0124513762472727,16.28941103265427,1.5045045045045047
-0.20508542376863914,0.7646744754301261,1.0226369490692049,16.29391553715878,1.4954954954954953
-0.20517130389132765,0.7677609568449897,1.0329874692096215,16.29839298758218,1.4864864864864877
-0.20533306191604483,0.7708787731822436,1.0435066319905988,16.30284338392446,1.4774774774774766
-0.20557256708778848,0.7740284365569632,1.054198238746293,16.307266726185645,1.468468468468469
-0.20589173600956925,0.7772104706634532,1.065066200538806,16.311663014365713,1.4594594594594597
-0.206292535276845,0.7804254111105264,1.0761145420281792,16.31603224846468,1.4504504504504503
-0.20677698423531746,0.7836738057686538,1.0873474055040075,16.320374428482534,1.441441441441441
-0.20734715786883054,0.78695621512947,1.0987690550864304,16.324689554419283,1.4324324324324316
-0.20800518982461239,0.7902732126781591,1.1103838811047546,16.328977626274927,1.423423423423424
-0.20875327558352869,0.7936253852792703,1.1221964046624073,16.33323864404945,1.4144144144144146
-0.20959367578351912,0.7970133335765269,1.1342112823973654,16.33747260774288,1.4054054054054053
-0.2105287197049539,0.8004376724072423,1.1464333114477911,16.341679517355196,1.3963963963963977
-0.2115608089271644,0.8038990312319689,1.1588674346330987,16.345859372886398,1.3873873873873865
-0.21269242116605264,0.8073980545800333,1.1715187458612244,16.3500121743365,1.378378378378379
-0.21392611430334796,0.81093540251168,1.1843924957736376,16.354137921705487,1.3693693693693696
-0.21526453061873033,0.8145117510975218,1.1974940976400652,16.358236614993373,1.3603603603603602
-0.21671040123686344,0.8181277929160949,1.2108291335158208,16.362308254200144,1.3513513513513509
-0.21826655080212928,0.8217842375703099,1.2244033606752276,16.366352839325813,1.3423423423423415
-0.2199359023947753,0.8254818122236565,1.2382227183354841,16.370370370370374,1.333333333333334
-0.2217214827030829,0.8292212621570568,1.252293334686167,16.37436084733382,1.3243243243243246
-0.22362642746719025,0.8330033513473019,1.2666215342404181,16.37832427021616,1.3153153153153152
-0.22565398721128904,0.8368288630680729,1.2812138455249102,16.3822606390174,1.3063063063063076
-0.2278075332820603,0.8406986005145883,1.2960770091266578,16.38616995373752,1.2972972972972965
-0.23009056421247248,0.8446133874529637,1.311217986115789,16.39005221437654,1.288288288288289
-0.2325067124314403,0.8485740688954738,1.3266439668647545,16.393907420934447,1.2792792792792795
-0.23505975134124887,0.8525815118029021,1.3423623802854203,16.39773557341125,1.2702702702702702
-0.2377536027862669,0.8566366058152974,1.3583809035071148,16.401536671806937,1.2612612612612608
-0.24059234493813098,0.8607402640124814,1.374707472019935,16.405310716121527,1.2522522522522515
-0.2435802206244295,0.8648934237057473,1.391350290309245,16.409057706355007,1.2432432432432439
-0.246721646129883,0.8690970472622704,1.4083178430089343,16.412777642507372,1.2342342342342345
-0.25002122050114706,0.8733521229638181,1.4256189066027032,16.416470524578635,1.2252252252252251
-0.25348373538868707,0.8776596659014687,1.4432625617046357,16.42013635256879,1.2162162162162176
-0.25711418546165954,0.8820207189081203,1.4612582059522599,16.423775126477828,1.2072072072072064
-0.26091777943443306,0.8864363535306692,1.4796155675474318,16.427386846305765,1.1981981981981988
-0.2648999517463448,0.890907671043892,1.498344719482909,16.430971512052594,1.1891891891891895
-0.2690663749394123,0.8954358035081084,1.5174560944946571,16.434529123718313,1.1801801801801801
-0.2734229727822212,0.9000219148729026,1.5369605007829572,16.43805968130292,1.1711711711711708
-0.27797593419191186,0.9046672021292614,1.5568691385480324,16.441563184806427,1.1621621621621614
-0.28273172801025837,0.9093728965126527,1.5771936173891312,16.445039634228827,1.1531531531531538
-0.2876971186942658,0.9141402647597203,1.5979459746193556,16.44848902957011,1.1441441441441427
-0.29287918298647875,0.9189706104214075,1.6191386945520037,16.451911370830288,1.135135135135135
-0.2982853276354604,0.9238652752355538,1.6407847288183417,16.455306658009363,1.1261261261261275
-0.30392330824254404,0.9288256405621158,1.6628975177805634,16.45867489110732,1.1171171171171164
-0.3098012493171988,0.9338531288844201,1.6854910131084644,16.46201607012418,1.1081081081081088
-0.31592766563009733,0.9389492053800714,1.7085797015932442,16.465330195059927,1.0990990990990994
-0.3223114849603287,0.9441153795653061,1.7321786302768427,16.468617265914563,1.09009009009009
-0.3289620723413024,0.9493532070169035,1.7563034329812721,16.47187728268809,1.0810810810810807
-0.33588925591864327,0.954664291175974,1.7809703583282888,16.475110245380513,1.0720720720720713
-0.3431033545430373,0.9600502852382488,1.8061962993465346,16.47831615399183,1.0630630630630638
-0.3506152072315212,0.9655128941357998,1.8319988247704944,16.48149500852203,1.0540540540540526
-0.3584362046422289,0.9710538766154118,1.858396212143288,16.484646808971135,1.045045045045045
-0.36657832272028973,0.9766750474192474,1.8854074828441096,16.487771555339126,1.0360360360360374
-0.37505415868642866,0.9823782795737297,1.913052439169896,16.490869247626,1.0270270270270263
-0.38387696955505457,0.9881655067930392,1.941351703611102,16.49393988583178,1.0180180180180187
-0.3930607133853828,0.9940387260040585,1.9703267604723296,16.496983469956447,1.0090090090090094
-0.40262009348751876,1.0,2.0,16.5,1.0
